video_url,upload_date,playlist_url,duration_in_sec
https://www.youtube.com/watch?v=4F8YQNG8SHw,2025-01-14,https://www.youtube.com/watch?v=4F8YQNG8SHw&list=PLQP03I9fS2V9SnTx_YpeQVX3kD6QjsIIp,4511.0
https://www.youtube.com/watch?v=NLgRntWJ0M0,2025-01-13,https://www.youtube.com/watch?v=4F8YQNG8SHw&list=PLQP03I9fS2V9SnTx_YpeQVX3kD6QjsIIp,4411.0
https://www.youtube.com/watch?v=fi0ghWY_3pk,2025-01-13,https://www.youtube.com/watch?v=4F8YQNG8SHw&list=PLQP03I9fS2V9SnTx_YpeQVX3kD6QjsIIp,4355.0
https://www.youtube.com/watch?v=5GYdI2GMs1Y,2025-01-13,https://www.youtube.com/watch?v=4F8YQNG8SHw&list=PLQP03I9fS2V9SnTx_YpeQVX3kD6QjsIIp,4217.0
https://www.youtube.com/watch?v=FVcjBl7pB-8,2025-01-13,https://www.youtube.com/watch?v=4F8YQNG8SHw&list=PLQP03I9fS2V9SnTx_YpeQVX3kD6QjsIIp,4327.0
https://www.youtube.com/watch?v=1DP1hpiJBw4,2025-01-13,https://www.youtube.com/watch?v=4F8YQNG8SHw&list=PLQP03I9fS2V9SnTx_YpeQVX3kD6QjsIIp,4199.0
https://www.youtube.com/watch?v=DwbUYuW3Xa8,2025-01-13,https://www.youtube.com/watch?v=4F8YQNG8SHw&list=PLQP03I9fS2V9SnTx_YpeQVX3kD6QjsIIp,3917.0
https://www.youtube.com/watch?v=juqDPACIUbA,2025-01-14,https://www.youtube.com/watch?v=4F8YQNG8SHw&list=PLQP03I9fS2V9SnTx_YpeQVX3kD6QjsIIp,4055.0
https://www.youtube.com/watch?v=NLjilMbpSss,2025-01-14,https://www.youtube.com/watch?v=4F8YQNG8SHw&list=PLQP03I9fS2V9SnTx_YpeQVX3kD6QjsIIp,4666.0
https://www.youtube.com/watch?v=YKjNiLeiytQ,2025-01-15,https://www.youtube.com/watch?v=4F8YQNG8SHw&list=PLQP03I9fS2V9SnTx_YpeQVX3kD6QjsIIp,4409.0
https://www.youtube.com/watch?v=-hBZE8AHupw,2025-01-16,https://www.youtube.com/watch?v=4F8YQNG8SHw&list=PLQP03I9fS2V9SnTx_YpeQVX3kD6QjsIIp,4219.0
https://www.youtube.com/watch?v=M1ubsLzyP1g,2025-01-18,https://www.youtube.com/watch?v=4F8YQNG8SHw&list=PLQP03I9fS2V9SnTx_YpeQVX3kD6QjsIIp,3202.0
https://www.youtube.com/watch?v=YfnG_rmpEJ0,2025-01-20,https://www.youtube.com/watch?v=4F8YQNG8SHw&list=PLQP03I9fS2V9SnTx_YpeQVX3kD6QjsIIp,4430.0
https://www.youtube.com/watch?v=YYLWFx8p8Y8,2025-01-21,https://www.youtube.com/watch?v=4F8YQNG8SHw&list=PLQP03I9fS2V9SnTx_YpeQVX3kD6QjsIIp,4284.0
https://www.youtube.com/watch?v=3RiuxNxSjtg,2025-01-22,https://www.youtube.com/watch?v=4F8YQNG8SHw&list=PLQP03I9fS2V9SnTx_YpeQVX3kD6QjsIIp,4309.0
https://www.youtube.com/watch?v=0HJcfzyNiFY,2025-01-23,https://www.youtube.com/watch?v=4F8YQNG8SHw&list=PLQP03I9fS2V9SnTx_YpeQVX3kD6QjsIIp,2981.0
https://www.youtube.com/watch?v=zy78EEfN6wo,2025-01-25,https://www.youtube.com/watch?v=4F8YQNG8SHw&list=PLQP03I9fS2V9SnTx_YpeQVX3kD6QjsIIp,3395.0
https://www.youtube.com/watch?v=KrdqpwF-qlQ,2025-01-27,https://www.youtube.com/watch?v=4F8YQNG8SHw&list=PLQP03I9fS2V9SnTx_YpeQVX3kD6QjsIIp,4274.0
https://www.youtube.com/watch?v=uiusWImGGzI,2025-01-28,https://www.youtube.com/watch?v=4F8YQNG8SHw&list=PLQP03I9fS2V9SnTx_YpeQVX3kD6QjsIIp,4247.0
https://www.youtube.com/watch?v=iZGiGFt_cZs,2025-01-29,https://www.youtube.com/watch?v=4F8YQNG8SHw&list=PLQP03I9fS2V9SnTx_YpeQVX3kD6QjsIIp,4378.0
https://www.youtube.com/watch?v=sDxQTQWtuqM,2025-01-30,https://www.youtube.com/watch?v=4F8YQNG8SHw&list=PLQP03I9fS2V9SnTx_YpeQVX3kD6QjsIIp,4246.0
https://www.youtube.com/watch?v=hjV5vWCqYKU,2025-02-02,https://www.youtube.com/watch?v=4F8YQNG8SHw&list=PLQP03I9fS2V9SnTx_YpeQVX3kD6QjsIIp,3084.0
https://www.youtube.com/watch?v=aeaJOtsQdCA,2025-02-02,https://www.youtube.com/watch?v=4F8YQNG8SHw&list=PLQP03I9fS2V9SnTx_YpeQVX3kD6QjsIIp,4402.0
https://www.youtube.com/watch?v=Ax-4e87ZmHA,2025-02-04,https://www.youtube.com/watch?v=4F8YQNG8SHw&list=PLQP03I9fS2V9SnTx_YpeQVX3kD6QjsIIp,4196.0
https://www.youtube.com/watch?v=TLLMqrUmSN0,2025-02-05,https://www.youtube.com/watch?v=4F8YQNG8SHw&list=PLQP03I9fS2V9SnTx_YpeQVX3kD6QjsIIp,4449.0
https://www.youtube.com/watch?v=szBiXirVcZo,2025-02-07,https://www.youtube.com/watch?v=4F8YQNG8SHw&list=PLQP03I9fS2V9SnTx_YpeQVX3kD6QjsIIp,4330.0
https://www.youtube.com/watch?v=MuKwy03IICE,2025-02-07,https://www.youtube.com/watch?v=4F8YQNG8SHw&list=PLQP03I9fS2V9SnTx_YpeQVX3kD6QjsIIp,3293.0
https://www.youtube.com/watch?v=jhNr4CQI7Fw,2025-02-10,https://www.youtube.com/watch?v=4F8YQNG8SHw&list=PLQP03I9fS2V9SnTx_YpeQVX3kD6QjsIIp,4417.0
https://www.youtube.com/watch?v=kYcpzU4D2a0,2025-02-11,https://www.youtube.com/watch?v=4F8YQNG8SHw&list=PLQP03I9fS2V9SnTx_YpeQVX3kD6QjsIIp,4324.0
https://www.youtube.com/watch?v=v5QDhcYrKDw,2025-02-13,https://www.youtube.com/watch?v=4F8YQNG8SHw&list=PLQP03I9fS2V9SnTx_YpeQVX3kD6QjsIIp,4200.0
https://www.youtube.com/watch?v=XP_DgzrArCQ,2025-02-16,https://www.youtube.com/watch?v=4F8YQNG8SHw&list=PLQP03I9fS2V9SnTx_YpeQVX3kD6QjsIIp,2981.0
https://www.youtube.com/watch?v=7X0jM1v7P8E,2025-02-17,https://www.youtube.com/watch?v=4F8YQNG8SHw&list=PLQP03I9fS2V9SnTx_YpeQVX3kD6QjsIIp,4602.0
https://www.youtube.com/watch?v=CazXqwrZvi0,2024-12-09,https://www.youtube.com/watch?v=CazXqwrZvi0&list=PLQP03I9fS2V_pAk0tw93PLhik849wxLSA,10706.0
https://www.youtube.com/watch?v=6uDXRnBZ504,2024-12-08,https://www.youtube.com/watch?v=CazXqwrZvi0&list=PLQP03I9fS2V_pAk0tw93PLhik849wxLSA,12634.0
https://www.youtube.com/watch?v=Zuxgol0lJD4,2024-12-08,https://www.youtube.com/watch?v=CazXqwrZvi0&list=PLQP03I9fS2V_pAk0tw93PLhik849wxLSA,6303.0
https://www.youtube.com/watch?v=q4Yf2I-Occ8,2024-12-07,https://www.youtube.com/watch?v=CazXqwrZvi0&list=PLQP03I9fS2V_pAk0tw93PLhik849wxLSA,6271.0
https://www.youtube.com/watch?v=dYX8x6opAjY,2024-12-04,https://www.youtube.com/watch?v=CazXqwrZvi0&list=PLQP03I9fS2V_pAk0tw93PLhik849wxLSA,6348.0
https://www.youtube.com/watch?v=-nyKVkBMaqA,2024-12-04,https://www.youtube.com/watch?v=CazXqwrZvi0&list=PLQP03I9fS2V_pAk0tw93PLhik849wxLSA,6386.0
https://www.youtube.com/watch?v=VKg66Q1NkXg,2024-12-02,https://www.youtube.com/watch?v=CazXqwrZvi0&list=PLQP03I9fS2V_pAk0tw93PLhik849wxLSA,6417.0
https://www.youtube.com/watch?v=eoyufJ8KFGA,2024-12-01,https://www.youtube.com/watch?v=CazXqwrZvi0&list=PLQP03I9fS2V_pAk0tw93PLhik849wxLSA,9695.0
https://www.youtube.com/watch?v=iqB-G0tmog0,2024-12-01,https://www.youtube.com/watch?v=CazXqwrZvi0&list=PLQP03I9fS2V_pAk0tw93PLhik849wxLSA,10950.0
https://www.youtube.com/watch?v=oBf_XILG8W8,2024-12-01,https://www.youtube.com/watch?v=CazXqwrZvi0&list=PLQP03I9fS2V_pAk0tw93PLhik849wxLSA,6612.0
https://www.youtube.com/watch?v=-QtKe7kUSck,2024-12-01,https://www.youtube.com/watch?v=CazXqwrZvi0&list=PLQP03I9fS2V_pAk0tw93PLhik849wxLSA,6517.0
https://www.youtube.com/watch?v=u2L_jxYOARE,2025-01-11,https://www.youtube.com/watch?v=u2L_jxYOARE&list=PLG38c7QgafDJp6VKfV8kzUHX9EbpWCdbU,955.0
https://www.youtube.com/watch?v=zIQSkfJzYG4,2025-01-04,https://www.youtube.com/watch?v=u2L_jxYOARE&list=PLG38c7QgafDJp6VKfV8kzUHX9EbpWCdbU,805.0
https://www.youtube.com/watch?v=ye387VWS-Rk,2024-12-28,https://www.youtube.com/watch?v=u2L_jxYOARE&list=PLG38c7QgafDJp6VKfV8kzUHX9EbpWCdbU,964.0
https://www.youtube.com/watch?v=AyRZ0wwdpw8,2024-12-14,https://www.youtube.com/watch?v=u2L_jxYOARE&list=PLG38c7QgafDJp6VKfV8kzUHX9EbpWCdbU,856.0
https://www.youtube.com/watch?v=VkDAc30OA5Q,2024-12-07,https://www.youtube.com/watch?v=u2L_jxYOARE&list=PLG38c7QgafDJp6VKfV8kzUHX9EbpWCdbU,922.0
https://www.youtube.com/watch?v=Yo-oHTtO_Ag,2024-11-25,https://www.youtube.com/watch?v=u2L_jxYOARE&list=PLG38c7QgafDJp6VKfV8kzUHX9EbpWCdbU,922.0
https://www.youtube.com/watch?v=oArR9KMFhf8,2025-01-08,https://www.youtube.com/watch?v=oArR9KMFhf8&list=PL7AusoOPuXimfNVlnffHIgorKCYrBdx7K,71.0
https://www.youtube.com/watch?v=KFpfeMcRfj8,2024-12-10,https://www.youtube.com/watch?v=oArR9KMFhf8&list=PL7AusoOPuXimfNVlnffHIgorKCYrBdx7K,64.0
https://www.youtube.com/watch?v=c9CZc3QwtLk,2025-02-13,https://www.youtube.com/watch?v=5SKN_jk7bq4&list=PLNI-cJa63vBLuE3nEn5a00aEzujbzHjOo,3219.0
https://www.youtube.com/watch?v=halPmTRhtPk,2025-02-12,https://www.youtube.com/watch?v=5SKN_jk7bq4&list=PLNI-cJa63vBLuE3nEn5a00aEzujbzHjOo,3000.0
https://www.youtube.com/watch?v=5SKN_jk7bq4,2025-02-10,https://www.youtube.com/watch?v=5SKN_jk7bq4&list=PLNI-cJa63vBLuE3nEn5a00aEzujbzHjOo,3294.0
https://www.youtube.com/watch?v=UolC_haQhDU,2025-02-09,https://www.youtube.com/watch?v=5SKN_jk7bq4&list=PLNI-cJa63vBLuE3nEn5a00aEzujbzHjOo,3379.0
https://www.youtube.com/watch?v=NkzEyIH53zo,2025-02-06,https://www.youtube.com/watch?v=5SKN_jk7bq4&list=PLNI-cJa63vBLuE3nEn5a00aEzujbzHjOo,3059.0
https://www.youtube.com/watch?v=ULmjWtS_TDQ,2025-02-05,https://www.youtube.com/watch?v=5SKN_jk7bq4&list=PLNI-cJa63vBLuE3nEn5a00aEzujbzHjOo,3445.0
https://www.youtube.com/watch?v=ysUr5PdzZtY,2025-02-04,https://www.youtube.com/watch?v=5SKN_jk7bq4&list=PLNI-cJa63vBLuE3nEn5a00aEzujbzHjOo,3355.0
https://www.youtube.com/watch?v=4ru6io9qEKU,2025-02-03,https://www.youtube.com/watch?v=5SKN_jk7bq4&list=PLNI-cJa63vBLuE3nEn5a00aEzujbzHjOo,3128.0
https://www.youtube.com/watch?v=DmvD57vODDI,2025-02-02,https://www.youtube.com/watch?v=5SKN_jk7bq4&list=PLNI-cJa63vBLuE3nEn5a00aEzujbzHjOo,3169.0
https://www.youtube.com/watch?v=qszIYoi8d98,2025-01-30,https://www.youtube.com/watch?v=5SKN_jk7bq4&list=PLNI-cJa63vBLuE3nEn5a00aEzujbzHjOo,3115.0
https://www.youtube.com/watch?v=FmwVULr7YAo,2025-01-29,https://www.youtube.com/watch?v=5SKN_jk7bq4&list=PLNI-cJa63vBLuE3nEn5a00aEzujbzHjOo,3250.0
https://www.youtube.com/watch?v=HyOsE_MU2cg,2025-01-28,https://www.youtube.com/watch?v=5SKN_jk7bq4&list=PLNI-cJa63vBLuE3nEn5a00aEzujbzHjOo,3055.0
https://www.youtube.com/watch?v=jgOZAYDizV4,2025-01-27,https://www.youtube.com/watch?v=5SKN_jk7bq4&list=PLNI-cJa63vBLuE3nEn5a00aEzujbzHjOo,3084.0
https://www.youtube.com/watch?v=LA3lSQjiwuY,2025-01-26,https://www.youtube.com/watch?v=5SKN_jk7bq4&list=PLNI-cJa63vBLuE3nEn5a00aEzujbzHjOo,3388.0
https://www.youtube.com/watch?v=cQoQEMHxVfo,2025-01-23,https://www.youtube.com/watch?v=5SKN_jk7bq4&list=PLNI-cJa63vBLuE3nEn5a00aEzujbzHjOo,3349.0
https://www.youtube.com/watch?v=PYAKWxX5u88,2025-01-22,https://www.youtube.com/watch?v=5SKN_jk7bq4&list=PLNI-cJa63vBLuE3nEn5a00aEzujbzHjOo,3060.0
https://www.youtube.com/watch?v=EufiXLU0IRY,2025-01-21,https://www.youtube.com/watch?v=5SKN_jk7bq4&list=PLNI-cJa63vBLuE3nEn5a00aEzujbzHjOo,3239.0
https://www.youtube.com/watch?v=3S9cmUfGgG0,2025-01-20,https://www.youtube.com/watch?v=5SKN_jk7bq4&list=PLNI-cJa63vBLuE3nEn5a00aEzujbzHjOo,3505.0
https://www.youtube.com/watch?v=f3SX4hDEmaQ,2025-01-19,https://www.youtube.com/watch?v=5SKN_jk7bq4&list=PLNI-cJa63vBLuE3nEn5a00aEzujbzHjOo,3041.0
https://www.youtube.com/watch?v=nQ5wwpkcZo8,2025-01-16,https://www.youtube.com/watch?v=5SKN_jk7bq4&list=PLNI-cJa63vBLuE3nEn5a00aEzujbzHjOo,3262.0
https://www.youtube.com/watch?v=Ucfsc9o_6mM,2025-01-15,https://www.youtube.com/watch?v=5SKN_jk7bq4&list=PLNI-cJa63vBLuE3nEn5a00aEzujbzHjOo,2973.0
https://www.youtube.com/watch?v=nEiVD45DAGs,2025-01-14,https://www.youtube.com/watch?v=5SKN_jk7bq4&list=PLNI-cJa63vBLuE3nEn5a00aEzujbzHjOo,3141.0
https://www.youtube.com/watch?v=ixUrzb_s-L0,2025-01-13,https://www.youtube.com/watch?v=5SKN_jk7bq4&list=PLNI-cJa63vBLuE3nEn5a00aEzujbzHjOo,3143.0
https://www.youtube.com/watch?v=6AiXC03DxAM,2025-01-12,https://www.youtube.com/watch?v=5SKN_jk7bq4&list=PLNI-cJa63vBLuE3nEn5a00aEzujbzHjOo,3061.0
https://www.youtube.com/watch?v=QyU13sxiHFs,2025-01-09,https://www.youtube.com/watch?v=5SKN_jk7bq4&list=PLNI-cJa63vBLuE3nEn5a00aEzujbzHjOo,3207.0
https://www.youtube.com/watch?v=gy5qz7JN5rw,2025-01-08,https://www.youtube.com/watch?v=5SKN_jk7bq4&list=PLNI-cJa63vBLuE3nEn5a00aEzujbzHjOo,3051.0
https://www.youtube.com/watch?v=0TipEJwDfy4,2025-01-07,https://www.youtube.com/watch?v=5SKN_jk7bq4&list=PLNI-cJa63vBLuE3nEn5a00aEzujbzHjOo,2952.0
https://www.youtube.com/watch?v=YTKJSCpEsfY,2025-01-06,https://www.youtube.com/watch?v=5SKN_jk7bq4&list=PLNI-cJa63vBLuE3nEn5a00aEzujbzHjOo,3109.0
https://www.youtube.com/watch?v=utm_WjvJVp0,2025-01-05,https://www.youtube.com/watch?v=5SKN_jk7bq4&list=PLNI-cJa63vBLuE3nEn5a00aEzujbzHjOo,2953.0
https://www.youtube.com/watch?v=QI69miXc8NE,2025-01-02,https://www.youtube.com/watch?v=5SKN_jk7bq4&list=PLNI-cJa63vBLuE3nEn5a00aEzujbzHjOo,3096.0
https://www.youtube.com/watch?v=hYKMTYbDw-E,2025-01-01,https://www.youtube.com/watch?v=5SKN_jk7bq4&list=PLNI-cJa63vBLuE3nEn5a00aEzujbzHjOo,3318.0
https://www.youtube.com/watch?v=T771bmXrncU,2025-02-16,https://www.youtube.com/watch?v=5SKN_jk7bq4&list=PLNI-cJa63vBLuE3nEn5a00aEzujbzHjOo,3329.0
https://www.youtube.com/watch?v=eHSz_lPEz3U,2025-02-17,https://www.youtube.com/watch?v=5SKN_jk7bq4&list=PLNI-cJa63vBLuE3nEn5a00aEzujbzHjOo,3406.0
https://www.youtube.com/watch?v=F5qR1jw1l3U,2025-01-31,https://www.youtube.com/watch?v=F5qR1jw1l3U&list=PLNI-cJa63vBKNuhK-TUC0cL37HvN8HjZG,2601.0
https://www.youtube.com/watch?v=Mnuoga1YCyU,2025-02-14,https://www.youtube.com/watch?v=Py41VNyDqe8&list=PLG38c7QgafDIzG2vGq9J8uJlRxZqA79N5,3059.0
https://www.youtube.com/watch?v=Py41VNyDqe8,2025-02-07,https://www.youtube.com/watch?v=Py41VNyDqe8&list=PLG38c7QgafDIzG2vGq9J8uJlRxZqA79N5,2976.0
https://www.youtube.com/watch?v=raxAFxGoZMc,2025-01-31,https://www.youtube.com/watch?v=Py41VNyDqe8&list=PLG38c7QgafDIzG2vGq9J8uJlRxZqA79N5,3058.0
https://www.youtube.com/watch?v=C4sxeDAsnd8,2025-01-24,https://www.youtube.com/watch?v=Py41VNyDqe8&list=PLG38c7QgafDIzG2vGq9J8uJlRxZqA79N5,3060.0
https://www.youtube.com/watch?v=LtM2_G70SZQ,2025-01-17,https://www.youtube.com/watch?v=Py41VNyDqe8&list=PLG38c7QgafDIzG2vGq9J8uJlRxZqA79N5,3061.0
https://www.youtube.com/watch?v=sUT3ZRw3z7k,2025-01-10,https://www.youtube.com/watch?v=Py41VNyDqe8&list=PLG38c7QgafDIzG2vGq9J8uJlRxZqA79N5,2981.0
https://www.youtube.com/watch?v=RTsPJwm8eQ8,2025-01-03,https://www.youtube.com/watch?v=Py41VNyDqe8&list=PLG38c7QgafDIzG2vGq9J8uJlRxZqA79N5,2965.0
https://www.youtube.com/watch?v=_OR2x1drlno,2024-12-20,https://www.youtube.com/watch?v=Py41VNyDqe8&list=PLG38c7QgafDIzG2vGq9J8uJlRxZqA79N5,2992.0
https://www.youtube.com/watch?v=TjoxefTnG-g,2024-12-13,https://www.youtube.com/watch?v=Py41VNyDqe8&list=PLG38c7QgafDIzG2vGq9J8uJlRxZqA79N5,2757.0
https://www.youtube.com/watch?v=ajicKPU5EHk,2024-11-29,https://www.youtube.com/watch?v=Py41VNyDqe8&list=PLG38c7QgafDIzG2vGq9J8uJlRxZqA79N5,2960.0
https://www.youtube.com/watch?v=RFDiNckBrL0,2024-11-22,https://www.youtube.com/watch?v=Py41VNyDqe8&list=PLG38c7QgafDIzG2vGq9J8uJlRxZqA79N5,2955.0
https://www.youtube.com/watch?v=9gi8JQEAj-Y,2025-01-16,https://www.youtube.com/watch?v=9gi8JQEAj-Y&list=PL7AusoOPuXilCInVqDxWFB9iva4pP0CUG,139.0
https://www.youtube.com/watch?v=A-MBTA3t3DU,2025-01-15,https://www.youtube.com/watch?v=9gi8JQEAj-Y&list=PL7AusoOPuXilCInVqDxWFB9iva4pP0CUG,61.0
https://www.youtube.com/watch?v=7Yb83MzBt1g,2025-01-15,https://www.youtube.com/watch?v=9gi8JQEAj-Y&list=PL7AusoOPuXilCInVqDxWFB9iva4pP0CUG,111.0
https://www.youtube.com/watch?v=WYlFotP4gF4,2025-01-15,https://www.youtube.com/watch?v=9gi8JQEAj-Y&list=PL7AusoOPuXilCInVqDxWFB9iva4pP0CUG,94.0
https://www.youtube.com/watch?v=QKlADgOqckg,2025-01-14,https://www.youtube.com/watch?v=9gi8JQEAj-Y&list=PL7AusoOPuXilCInVqDxWFB9iva4pP0CUG,120.0
https://www.youtube.com/watch?v=KCCGdetD_u4,2025-01-14,https://www.youtube.com/watch?v=9gi8JQEAj-Y&list=PL7AusoOPuXilCInVqDxWFB9iva4pP0CUG,126.0
https://www.youtube.com/watch?v=Xmy2hjf7SYQ,2025-01-14,https://www.youtube.com/watch?v=9gi8JQEAj-Y&list=PL7AusoOPuXilCInVqDxWFB9iva4pP0CUG,129.0
https://www.youtube.com/watch?v=GcMuP08kuA8,2025-01-14,https://www.youtube.com/watch?v=9gi8JQEAj-Y&list=PL7AusoOPuXilCInVqDxWFB9iva4pP0CUG,814.0
https://www.youtube.com/watch?v=g_zd9T3AXac,2025-01-14,https://www.youtube.com/watch?v=9gi8JQEAj-Y&list=PL7AusoOPuXilCInVqDxWFB9iva4pP0CUG,144.0
https://www.youtube.com/watch?v=4aJgc9QuXZo,2025-01-14,https://www.youtube.com/watch?v=9gi8JQEAj-Y&list=PL7AusoOPuXilCInVqDxWFB9iva4pP0CUG,168.0
https://www.youtube.com/watch?v=kR3wPzghCtg,2025-01-14,https://www.youtube.com/watch?v=9gi8JQEAj-Y&list=PL7AusoOPuXilCInVqDxWFB9iva4pP0CUG,147.0
https://www.youtube.com/watch?v=b_ENNhSQ2XY,2025-01-14,https://www.youtube.com/watch?v=9gi8JQEAj-Y&list=PL7AusoOPuXilCInVqDxWFB9iva4pP0CUG,202.0
https://www.youtube.com/watch?v=E-WsE3n4ecM,2025-02-15,https://www.youtube.com/watch?v=dXQ-ZutcjVc&list=PL91xC4Z3WIQ4X5ehHLSabEHspK3uBy9w3,3063.0
https://www.youtube.com/watch?v=HNw4_XfMiBU,2025-02-08,https://www.youtube.com/watch?v=dXQ-ZutcjVc&list=PL91xC4Z3WIQ4X5ehHLSabEHspK3uBy9w3,2938.0
https://www.youtube.com/watch?v=dXQ-ZutcjVc,2025-02-01,https://www.youtube.com/watch?v=dXQ-ZutcjVc&list=PL91xC4Z3WIQ4X5ehHLSabEHspK3uBy9w3,2941.0
https://www.youtube.com/watch?v=NwSULFez90w,2025-01-25,https://www.youtube.com/watch?v=dXQ-ZutcjVc&list=PL91xC4Z3WIQ4X5ehHLSabEHspK3uBy9w3,2760.0
https://www.youtube.com/watch?v=vM8p6_wabJI,2025-01-18,https://www.youtube.com/watch?v=dXQ-ZutcjVc&list=PL91xC4Z3WIQ4X5ehHLSabEHspK3uBy9w3,2729.0
https://www.youtube.com/watch?v=NdBmqQU00eg,2025-01-11,https://www.youtube.com/watch?v=dXQ-ZutcjVc&list=PL91xC4Z3WIQ4X5ehHLSabEHspK3uBy9w3,2752.0
https://www.youtube.com/watch?v=fyZ0idPB5rM,2025-01-04,https://www.youtube.com/watch?v=dXQ-ZutcjVc&list=PL91xC4Z3WIQ4X5ehHLSabEHspK3uBy9w3,2702.0
https://www.youtube.com/watch?v=UM3dB9wf2bE,2024-12-28,https://www.youtube.com/watch?v=dXQ-ZutcjVc&list=PL91xC4Z3WIQ4X5ehHLSabEHspK3uBy9w3,3044.0
https://www.youtube.com/watch?v=MCnH2PhHv_8,2024-12-14,https://www.youtube.com/watch?v=dXQ-ZutcjVc&list=PL91xC4Z3WIQ4X5ehHLSabEHspK3uBy9w3,2913.0
https://www.youtube.com/watch?v=1zVwTD5g2EU,2024-12-07,https://www.youtube.com/watch?v=dXQ-ZutcjVc&list=PL91xC4Z3WIQ4X5ehHLSabEHspK3uBy9w3,2971.0
https://www.youtube.com/watch?v=Idid_dXJLnI,2024-11-23,https://www.youtube.com/watch?v=dXQ-ZutcjVc&list=PL91xC4Z3WIQ4X5ehHLSabEHspK3uBy9w3,2954.0
https://www.youtube.com/watch?v=FtfPoYOu2P0,2025-01-26,https://www.youtube.com/watch?v=FtfPoYOu2P0&list=PLQP03I9fS2V9pvyAnvW5NklHojDcsA_Q-,10192.0
https://www.youtube.com/watch?v=OCHuFnOq6jk,2025-01-26,https://www.youtube.com/watch?v=FtfPoYOu2P0&list=PLQP03I9fS2V9pvyAnvW5NklHojDcsA_Q-,10436.0
https://www.youtube.com/watch?v=DAeeF5bavNk,2025-01-25,https://www.youtube.com/watch?v=FtfPoYOu2P0&list=PLQP03I9fS2V9pvyAnvW5NklHojDcsA_Q-,11007.0
https://www.youtube.com/watch?v=LhzGDbLrn0w,2025-01-23,https://www.youtube.com/watch?v=FtfPoYOu2P0&list=PLQP03I9fS2V9pvyAnvW5NklHojDcsA_Q-,9827.0
https://www.youtube.com/watch?v=j3yfVqyqn-M,2024-12-19,https://www.youtube.com/watch?v=j3yfVqyqn-M&list=PLQP03I9fS2V9a5HQyfncUljVVSyBUSii-,6799.0
https://www.youtube.com/watch?v=bwyXpF-X4WA,2024-12-19,https://www.youtube.com/watch?v=j3yfVqyqn-M&list=PLQP03I9fS2V9a5HQyfncUljVVSyBUSii-,6576.0
https://www.youtube.com/watch?v=yB4NSNOLlu8,2024-12-19,https://www.youtube.com/watch?v=j3yfVqyqn-M&list=PLQP03I9fS2V9a5HQyfncUljVVSyBUSii-,6580.0
https://www.youtube.com/watch?v=lpFU7uv5rYQ,2024-12-17,https://www.youtube.com/watch?v=j3yfVqyqn-M&list=PLQP03I9fS2V9a5HQyfncUljVVSyBUSii-,6536.0
https://www.youtube.com/watch?v=jttrTa1DJLQ,2024-12-17,https://www.youtube.com/watch?v=j3yfVqyqn-M&list=PLQP03I9fS2V9a5HQyfncUljVVSyBUSii-,6657.0
https://www.youtube.com/watch?v=N-ujV76ELSo,2024-12-17,https://www.youtube.com/watch?v=j3yfVqyqn-M&list=PLQP03I9fS2V9a5HQyfncUljVVSyBUSii-,6552.0
https://www.youtube.com/watch?v=Gd2k5nqzfiI,2024-12-17,https://www.youtube.com/watch?v=j3yfVqyqn-M&list=PLQP03I9fS2V9a5HQyfncUljVVSyBUSii-,6705.0
https://www.youtube.com/watch?v=efI8kBcAm_I,2024-12-12,https://www.youtube.com/watch?v=j3yfVqyqn-M&list=PLQP03I9fS2V9a5HQyfncUljVVSyBUSii-,6679.0
https://www.youtube.com/watch?v=pVSATmZxQ9s,2024-12-11,https://www.youtube.com/watch?v=j3yfVqyqn-M&list=PLQP03I9fS2V9a5HQyfncUljVVSyBUSii-,6637.0
https://www.youtube.com/watch?v=u-ZPDEwYQx8,2024-12-10,https://www.youtube.com/watch?v=j3yfVqyqn-M&list=PLQP03I9fS2V9a5HQyfncUljVVSyBUSii-,6620.0
https://www.youtube.com/watch?v=IW0Ss4XRQ88,2024-12-09,https://www.youtube.com/watch?v=j3yfVqyqn-M&list=PLQP03I9fS2V9a5HQyfncUljVVSyBUSii-,6757.0
https://www.youtube.com/watch?v=59YCWTE6Xck,2024-12-25,https://www.youtube.com/watch?v=59YCWTE6Xck&list=PLG38c7QgafDIJcIycgxL5BCFwKw9gqF9p,2502.0
https://www.youtube.com/watch?v=QA2GGnc9bF4,2024-12-18,https://www.youtube.com/watch?v=59YCWTE6Xck&list=PLG38c7QgafDIJcIycgxL5BCFwKw9gqF9p,2852.0
https://www.youtube.com/watch?v=xd9kox2R92E,2024-12-11,https://www.youtube.com/watch?v=59YCWTE6Xck&list=PLG38c7QgafDIJcIycgxL5BCFwKw9gqF9p,2724.0
https://www.youtube.com/watch?v=q0rugSJVboo,2024-12-04,https://www.youtube.com/watch?v=59YCWTE6Xck&list=PLG38c7QgafDIJcIycgxL5BCFwKw9gqF9p,2784.0
https://www.youtube.com/watch?v=0L037W1rXwg,2024-11-27,https://www.youtube.com/watch?v=59YCWTE6Xck&list=PLG38c7QgafDIJcIycgxL5BCFwKw9gqF9p,2781.0
https://www.youtube.com/watch?v=b3x73DhWnGw,2024-11-21,https://www.youtube.com/watch?v=59YCWTE6Xck&list=PLG38c7QgafDIJcIycgxL5BCFwKw9gqF9p,2709.0
https://www.youtube.com/watch?v=-gxOU2jbaPo,2025-01-12,https://www.youtube.com/watch?v=-gxOU2jbaPo&list=PLG38c7QgafDKsEeTd_Pe4OUCZIrO2oqZx,2939.0
https://www.youtube.com/watch?v=7lwCtE05r44,2025-01-11,https://www.youtube.com/watch?v=-gxOU2jbaPo&list=PLG38c7QgafDKsEeTd_Pe4OUCZIrO2oqZx,2939.0
https://www.youtube.com/watch?v=qXROyO5R8ak,2025-01-05,https://www.youtube.com/watch?v=-gxOU2jbaPo&list=PLG38c7QgafDKsEeTd_Pe4OUCZIrO2oqZx,2790.0
https://www.youtube.com/watch?v=8Ljz64XQeck,2025-01-04,https://www.youtube.com/watch?v=-gxOU2jbaPo&list=PLG38c7QgafDKsEeTd_Pe4OUCZIrO2oqZx,2793.0
https://www.youtube.com/watch?v=WRuiEYk3e3I,2024-12-29,https://www.youtube.com/watch?v=-gxOU2jbaPo&list=PLG38c7QgafDKsEeTd_Pe4OUCZIrO2oqZx,2896.0
https://www.youtube.com/watch?v=mqLH6sjdVuU,2024-12-28,https://www.youtube.com/watch?v=-gxOU2jbaPo&list=PLG38c7QgafDKsEeTd_Pe4OUCZIrO2oqZx,2891.0
https://www.youtube.com/watch?v=9Y6gICVw6Vs,2024-12-22,https://www.youtube.com/watch?v=-gxOU2jbaPo&list=PLG38c7QgafDKsEeTd_Pe4OUCZIrO2oqZx,2824.0
https://www.youtube.com/watch?v=549hngq2dLw,2024-12-21,https://www.youtube.com/watch?v=-gxOU2jbaPo&list=PLG38c7QgafDKsEeTd_Pe4OUCZIrO2oqZx,2886.0
https://www.youtube.com/watch?v=0AQBMx7WqdQ,2024-12-15,https://www.youtube.com/watch?v=-gxOU2jbaPo&list=PLG38c7QgafDKsEeTd_Pe4OUCZIrO2oqZx,2769.0
https://www.youtube.com/watch?v=SBRjldRx68A,2024-12-14,https://www.youtube.com/watch?v=-gxOU2jbaPo&list=PLG38c7QgafDKsEeTd_Pe4OUCZIrO2oqZx,2667.0
https://www.youtube.com/watch?v=OGu3DDaWFz0,2025-02-10,https://www.youtube.com/@qatarfoundation,197.0
https://www.youtube.com/watch?v=qJu-KaPpYQk,2025-02-03,https://www.youtube.com/@qatarfoundation,108.0
https://www.youtube.com/watch?v=RZojOFG_BXw,2025-01-24,https://www.youtube.com/@qatarfoundation,78.0
https://www.youtube.com/watch?v=L7PLAFhfbwQ,2025-01-22,https://www.youtube.com/@qatarfoundation,133.0
https://www.youtube.com/watch?v=gVMsQ6fcLzU,2025-01-11,https://www.youtube.com/@qatarfoundation,105.0
https://www.youtube.com/watch?v=B1nav7Qe8-c,2025-01-07,https://www.youtube.com/@qatarfoundation,205.0
https://www.youtube.com/watch?v=5916lbKSUn0,2024-12-23,https://www.youtube.com/@qatarfoundation,3335.0
https://www.youtube.com/watch?v=5Ka61bIEjbI,2024-12-19,https://www.youtube.com/@qatarfoundation,143.0
https://www.youtube.com/watch?v=s2Lq2Ofav-k,2024-12-16,https://www.youtube.com/@qatarfoundation,63.0
https://www.youtube.com/watch?v=MEzsi8wHjmg,2024-12-12,https://www.youtube.com/@qatarfoundation,100.0
https://www.youtube.com/watch?v=EWtCQCwg0I8,2024-12-19,https://www.youtube.com/watch?v=EWtCQCwg0I8&list=PLQP03I9fS2V-Ki1vDHv5kr08HVZraWAeC,1031.0
https://www.youtube.com/watch?v=SnkbwcDnryM,2024-12-19,https://www.youtube.com/watch?v=EWtCQCwg0I8&list=PLQP03I9fS2V-Ki1vDHv5kr08HVZraWAeC,798.0
https://www.youtube.com/watch?v=eYYmAYz9AWw,2024-12-18,https://www.youtube.com/watch?v=EWtCQCwg0I8&list=PLQP03I9fS2V-Ki1vDHv5kr08HVZraWAeC,641.0
https://www.youtube.com/watch?v=DCdV48ruG2Q,2024-12-17,https://www.youtube.com/watch?v=EWtCQCwg0I8&list=PLQP03I9fS2V-Ki1vDHv5kr08HVZraWAeC,451.0
https://www.youtube.com/watch?v=mTy7d6JIOQE,2024-12-17,https://www.youtube.com/watch?v=EWtCQCwg0I8&list=PLQP03I9fS2V-Ki1vDHv5kr08HVZraWAeC,622.0
https://www.youtube.com/watch?v=LAXEFymew8A,2024-12-17,https://www.youtube.com/watch?v=EWtCQCwg0I8&list=PLQP03I9fS2V-Ki1vDHv5kr08HVZraWAeC,779.0
https://www.youtube.com/watch?v=POwONJ4Kab8,2024-12-11,https://www.youtube.com/watch?v=EWtCQCwg0I8&list=PLQP03I9fS2V-Ki1vDHv5kr08HVZraWAeC,618.0
https://www.youtube.com/watch?v=fEHFFgeDjsY,2024-12-11,https://www.youtube.com/watch?v=EWtCQCwg0I8&list=PLQP03I9fS2V-Ki1vDHv5kr08HVZraWAeC,735.0
https://www.youtube.com/watch?v=-UUJeU4d6Q4,2024-12-10,https://www.youtube.com/watch?v=EWtCQCwg0I8&list=PLQP03I9fS2V-Ki1vDHv5kr08HVZraWAeC,665.0
https://www.youtube.com/watch?v=HVIlQ__M-Rc,2024-12-09,https://www.youtube.com/watch?v=EWtCQCwg0I8&list=PLQP03I9fS2V-Ki1vDHv5kr08HVZraWAeC,726.0
https://www.youtube.com/watch?v=8K_a8DY38s8,2025-01-15,https://www.youtube.com/watch?v=8K_a8DY38s8&list=PLQP03I9fS2V9XWwlXew9I7-SxmGQJky-Z,3523.0
https://www.youtube.com/watch?v=F0HNEHoaH20,2025-01-15,https://www.youtube.com/watch?v=8K_a8DY38s8&list=PLQP03I9fS2V9XWwlXew9I7-SxmGQJky-Z,3347.0
https://www.youtube.com/watch?v=eTrAR4EN0jI,2025-01-15,https://www.youtube.com/watch?v=8K_a8DY38s8&list=PLQP03I9fS2V9XWwlXew9I7-SxmGQJky-Z,3372.0
https://www.youtube.com/watch?v=HpuFsh1r55k,2025-01-15,https://www.youtube.com/watch?v=8K_a8DY38s8&list=PLQP03I9fS2V9XWwlXew9I7-SxmGQJky-Z,3858.0
https://www.youtube.com/watch?v=XeRX2ArDwks,2025-01-15,https://www.youtube.com/watch?v=8K_a8DY38s8&list=PLQP03I9fS2V9XWwlXew9I7-SxmGQJky-Z,3325.0
https://www.youtube.com/watch?v=r1aAMqC4pMo,2025-01-20,https://www.youtube.com/watch?v=8K_a8DY38s8&list=PLQP03I9fS2V9XWwlXew9I7-SxmGQJky-Z,3417.0
https://www.youtube.com/watch?v=OLT5M14QIW8,2025-01-20,https://www.youtube.com/watch?v=8K_a8DY38s8&list=PLQP03I9fS2V9XWwlXew9I7-SxmGQJky-Z,3469.0
https://www.youtube.com/watch?v=vMkAIOBkoCE,2025-01-20,https://www.youtube.com/watch?v=8K_a8DY38s8&list=PLQP03I9fS2V9XWwlXew9I7-SxmGQJky-Z,3403.0
https://www.youtube.com/watch?v=ImkUFOeVSEc,2025-01-27,https://www.youtube.com/watch?v=8K_a8DY38s8&list=PLQP03I9fS2V9XWwlXew9I7-SxmGQJky-Z,3313.0
https://www.youtube.com/watch?v=GVD1qhwM3Aw,2025-01-27,https://www.youtube.com/watch?v=8K_a8DY38s8&list=PLQP03I9fS2V9XWwlXew9I7-SxmGQJky-Z,3011.0
https://www.youtube.com/watch?v=Do5Ct85EMWU,2025-01-27,https://www.youtube.com/watch?v=8K_a8DY38s8&list=PLQP03I9fS2V9XWwlXew9I7-SxmGQJky-Z,3308.0
https://www.youtube.com/watch?v=cbrnrqqeOio,2024-12-19,https://www.youtube.com/watch?v=cbrnrqqeOio&list=PLQP03I9fS2V9WjPXHcqu7qt1kMPBc4Nbz,13961.0
https://www.youtube.com/watch?v=ONaqOGF00wg,2024-12-19,https://www.youtube.com/watch?v=cbrnrqqeOio&list=PLQP03I9fS2V9WjPXHcqu7qt1kMPBc4Nbz,13430.0
https://www.youtube.com/watch?v=hJcIRAPpjwA,2024-12-18,https://www.youtube.com/watch?v=cbrnrqqeOio&list=PLQP03I9fS2V9WjPXHcqu7qt1kMPBc4Nbz,13542.0
https://www.youtube.com/watch?v=b03FpdpN46U,2024-12-17,https://www.youtube.com/watch?v=cbrnrqqeOio&list=PLQP03I9fS2V9WjPXHcqu7qt1kMPBc4Nbz,12421.0
https://www.youtube.com/watch?v=TNisP3sF1bE,2024-12-17,https://www.youtube.com/watch?v=cbrnrqqeOio&list=PLQP03I9fS2V9WjPXHcqu7qt1kMPBc4Nbz,13407.0
https://www.youtube.com/watch?v=Zvuh24VaLwM,2024-12-17,https://www.youtube.com/watch?v=cbrnrqqeOio&list=PLQP03I9fS2V9WjPXHcqu7qt1kMPBc4Nbz,8664.0
https://www.youtube.com/watch?v=sDqMfhd-tz4,2024-12-12,https://www.youtube.com/watch?v=cbrnrqqeOio&list=PLQP03I9fS2V9WjPXHcqu7qt1kMPBc4Nbz,12203.0
https://www.youtube.com/watch?v=wogXueK7-6w,2024-12-11,https://www.youtube.com/watch?v=cbrnrqqeOio&list=PLQP03I9fS2V9WjPXHcqu7qt1kMPBc4Nbz,12339.0
https://www.youtube.com/watch?v=kp3rXBHlk80,2024-12-10,https://www.youtube.com/watch?v=cbrnrqqeOio&list=PLQP03I9fS2V9WjPXHcqu7qt1kMPBc4Nbz,11707.0
https://www.youtube.com/watch?v=tc9dekYOX40,2024-12-09,https://www.youtube.com/watch?v=cbrnrqqeOio&list=PLQP03I9fS2V9WjPXHcqu7qt1kMPBc4Nbz,11612.0
https://www.youtube.com/watch?v=akQ9HZ_bi1Y,2025-02-07,https://www.youtube.com/watch?v=vnEg5p48p5o&list=PL7AusoOPuXin1YPUSHKoXsqxFCzeH2uxf,152.0
https://www.youtube.com/watch?v=ZClMbuktOGY,2025-02-06,https://www.youtube.com/watch?v=vnEg5p48p5o&list=PL7AusoOPuXin1YPUSHKoXsqxFCzeH2uxf,99.0
https://www.youtube.com/watch?v=LCV4DFxS1KE,2025-02-05,https://www.youtube.com/watch?v=vnEg5p48p5o&list=PL7AusoOPuXin1YPUSHKoXsqxFCzeH2uxf,139.0
https://www.youtube.com/watch?v=CnIg5ZXD1ow,2025-02-04,https://www.youtube.com/watch?v=vnEg5p48p5o&list=PL7AusoOPuXin1YPUSHKoXsqxFCzeH2uxf,111.0
https://www.youtube.com/watch?v=vnEg5p48p5o,2025-02-04,https://www.youtube.com/watch?v=vnEg5p48p5o&list=PL7AusoOPuXin1YPUSHKoXsqxFCzeH2uxf,75.0
https://www.youtube.com/watch?v=_W_R16m8zss,2025-01-30,https://www.youtube.com/watch?v=vnEg5p48p5o&list=PL7AusoOPuXin1YPUSHKoXsqxFCzeH2uxf,276.0
https://www.youtube.com/watch?v=W9YCTGBN8rU,2025-01-29,https://www.youtube.com/watch?v=vnEg5p48p5o&list=PL7AusoOPuXin1YPUSHKoXsqxFCzeH2uxf,193.0
https://www.youtube.com/watch?v=ZgCu2ttl238,2025-01-28,https://www.youtube.com/watch?v=vnEg5p48p5o&list=PL7AusoOPuXin1YPUSHKoXsqxFCzeH2uxf,272.0
https://www.youtube.com/watch?v=Z6MwUqXQKOk,2025-01-27,https://www.youtube.com/watch?v=vnEg5p48p5o&list=PL7AusoOPuXin1YPUSHKoXsqxFCzeH2uxf,80.0
https://www.youtube.com/watch?v=ez5f_zeuOoI,2025-01-23,https://www.youtube.com/watch?v=vnEg5p48p5o&list=PL7AusoOPuXin1YPUSHKoXsqxFCzeH2uxf,156.0
https://www.youtube.com/watch?v=tHAKC9rHbxM,2025-01-22,https://www.youtube.com/watch?v=vnEg5p48p5o&list=PL7AusoOPuXin1YPUSHKoXsqxFCzeH2uxf,161.0
https://www.youtube.com/watch?v=CLXG2RDqln0,2025-01-21,https://www.youtube.com/watch?v=vnEg5p48p5o&list=PL7AusoOPuXin1YPUSHKoXsqxFCzeH2uxf,214.0
https://www.youtube.com/watch?v=2ADwqbKHmXQ,2025-01-21,https://www.youtube.com/watch?v=vnEg5p48p5o&list=PL7AusoOPuXin1YPUSHKoXsqxFCzeH2uxf,64.0
https://www.youtube.com/watch?v=BE7sBQZM7GY,2025-01-19,https://www.youtube.com/watch?v=vnEg5p48p5o&list=PL7AusoOPuXin1YPUSHKoXsqxFCzeH2uxf,99.0
https://www.youtube.com/watch?v=OvzSXhHUJJg,2025-01-19,https://www.youtube.com/watch?v=vnEg5p48p5o&list=PL7AusoOPuXin1YPUSHKoXsqxFCzeH2uxf,113.0
https://www.youtube.com/watch?v=NW3LeUyYt6Q,2025-01-18,https://www.youtube.com/watch?v=vnEg5p48p5o&list=PL7AusoOPuXin1YPUSHKoXsqxFCzeH2uxf,73.0
https://www.youtube.com/watch?v=yR0J9DmA_bA,2025-01-17,https://www.youtube.com/watch?v=vnEg5p48p5o&list=PL7AusoOPuXin1YPUSHKoXsqxFCzeH2uxf,123.0
https://www.youtube.com/watch?v=VqKwvKsP2-M,2025-01-16,https://www.youtube.com/watch?v=vnEg5p48p5o&list=PL7AusoOPuXin1YPUSHKoXsqxFCzeH2uxf,100.0
https://www.youtube.com/watch?v=g7VrY0hxfiU,2025-01-15,https://www.youtube.com/watch?v=vnEg5p48p5o&list=PL7AusoOPuXin1YPUSHKoXsqxFCzeH2uxf,148.0
https://www.youtube.com/watch?v=EJdbqQHNY-Y,2025-01-10,https://www.youtube.com/watch?v=vnEg5p48p5o&list=PL7AusoOPuXin1YPUSHKoXsqxFCzeH2uxf,116.0
https://www.youtube.com/watch?v=4UgqxJa19cQ,2025-01-09,https://www.youtube.com/watch?v=vnEg5p48p5o&list=PL7AusoOPuXin1YPUSHKoXsqxFCzeH2uxf,158.0
https://www.youtube.com/watch?v=wvWqv6qJ7aA,2025-01-08,https://www.youtube.com/watch?v=vnEg5p48p5o&list=PL7AusoOPuXin1YPUSHKoXsqxFCzeH2uxf,81.0
https://www.youtube.com/watch?v=8UYamvHIkwA,2025-01-07,https://www.youtube.com/watch?v=vnEg5p48p5o&list=PL7AusoOPuXin1YPUSHKoXsqxFCzeH2uxf,105.0
https://www.youtube.com/watch?v=fqQHHSR5Obc,2025-01-07,https://www.youtube.com/watch?v=vnEg5p48p5o&list=PL7AusoOPuXin1YPUSHKoXsqxFCzeH2uxf,135.0
https://www.youtube.com/watch?v=TcTSHtnV3lE,2025-01-06,https://www.youtube.com/watch?v=vnEg5p48p5o&list=PL7AusoOPuXin1YPUSHKoXsqxFCzeH2uxf,63.0
https://www.youtube.com/watch?v=FhsxoMhNVTc,2025-01-06,https://www.youtube.com/watch?v=FhsxoMhNVTc&list=PLG38c7QgafDJx2SBNmJl0Mwdl3u0501GO,1354.0
https://www.youtube.com/watch?v=hH6yLiY8gg0,2024-12-30,https://www.youtube.com/watch?v=FhsxoMhNVTc&list=PLG38c7QgafDJx2SBNmJl0Mwdl3u0501GO,1343.0
https://www.youtube.com/watch?v=ATlya6uPBJw,2024-12-23,https://www.youtube.com/watch?v=FhsxoMhNVTc&list=PLG38c7QgafDJx2SBNmJl0Mwdl3u0501GO,1331.0
https://www.youtube.com/watch?v=3nkgg4zB3ao,2024-12-16,https://www.youtube.com/watch?v=FhsxoMhNVTc&list=PLG38c7QgafDJx2SBNmJl0Mwdl3u0501GO,1346.0
https://www.youtube.com/watch?v=dOd_f7VAvgo,2024-12-09,https://www.youtube.com/watch?v=FhsxoMhNVTc&list=PLG38c7QgafDJx2SBNmJl0Mwdl3u0501GO,1303.0
https://www.youtube.com/watch?v=ePMLVSZ4ZRA,2024-11-25,https://www.youtube.com/watch?v=FhsxoMhNVTc&list=PLG38c7QgafDJx2SBNmJl0Mwdl3u0501GO,1285.0
https://www.youtube.com/watch?v=3NREja4Xtzs,2025-01-24,https://www.youtube.com/watch?v=3NREja4Xtzs&list=PLG38c7QgafDI38hvCqQXrqalXFjP2Vszy,1376.0
https://www.youtube.com/watch?v=rmdN6ALFi1I,2025-01-17,https://www.youtube.com/watch?v=3NREja4Xtzs&list=PLG38c7QgafDI38hvCqQXrqalXFjP2Vszy,1398.0
https://www.youtube.com/watch?v=OoovwJqQbxU,2025-01-10,https://www.youtube.com/watch?v=3NREja4Xtzs&list=PLG38c7QgafDI38hvCqQXrqalXFjP2Vszy,1327.0
https://www.youtube.com/watch?v=16_Wd_EixpI,2025-01-03,https://www.youtube.com/watch?v=3NREja4Xtzs&list=PLG38c7QgafDI38hvCqQXrqalXFjP2Vszy,1312.0
https://www.youtube.com/watch?v=S-PZ9pRoC-U,2024-12-27,https://www.youtube.com/watch?v=3NREja4Xtzs&list=PLG38c7QgafDI38hvCqQXrqalXFjP2Vszy,1285.0
https://www.youtube.com/watch?v=zfmjQAk9Ruc,2025-01-10,https://www.youtube.com/watch?v=3NREja4Xtzs&list=PLG38c7QgafDI38hvCqQXrqalXFjP2Vszy,1481.0
https://www.youtube.com/watch?v=rLpLq685g4E,2024-12-13,https://www.youtube.com/watch?v=3NREja4Xtzs&list=PLG38c7QgafDI38hvCqQXrqalXFjP2Vszy,1102.0
https://www.youtube.com/watch?v=xn3fUK_QDSw,2024-12-06,https://www.youtube.com/watch?v=3NREja4Xtzs&list=PLG38c7QgafDI38hvCqQXrqalXFjP2Vszy,1293.0
https://www.youtube.com/watch?v=wYbxcnVVfo4,2024-11-29,https://www.youtube.com/watch?v=3NREja4Xtzs&list=PLG38c7QgafDI38hvCqQXrqalXFjP2Vszy,1236.0
https://www.youtube.com/watch?v=PU3lXcMPvpQ,2024-11-22,https://www.youtube.com/watch?v=3NREja4Xtzs&list=PLG38c7QgafDI38hvCqQXrqalXFjP2Vszy,1333.0
https://www.youtube.com/watch?v=7tSap85DbB0,2025-02-07,https://www.youtube.com/watch?v=3NREja4Xtzs&list=PLG38c7QgafDI38hvCqQXrqalXFjP2Vszy,1283.0
https://www.youtube.com/watch?v=ad9kLMfT6x4,2025-02-12,https://www.youtube.com/watch?v=OjtcJn11ikg&list=PLNI-cJa63vBJ8TQ-_NwT_9iOzWRTfTmGW,25692.0
https://www.youtube.com/watch?v=5GDwSTOlmFk,2025-02-12,https://www.youtube.com/watch?v=OjtcJn11ikg&list=PLNI-cJa63vBJ8TQ-_NwT_9iOzWRTfTmGW,1565.0
https://www.youtube.com/watch?v=FrsVuTgcsQw,2025-02-12,https://www.youtube.com/watch?v=OjtcJn11ikg&list=PLNI-cJa63vBJ8TQ-_NwT_9iOzWRTfTmGW,1469.0
https://www.youtube.com/watch?v=OjtcJn11ikg,2025-02-11,https://www.youtube.com/watch?v=OjtcJn11ikg&list=PLNI-cJa63vBJ8TQ-_NwT_9iOzWRTfTmGW,1636.0
https://www.youtube.com/watch?v=6X03OIr4J70,2025-01-09,https://www.youtube.com/watch?v=6X03OIr4J70&list=PLG38c7QgafDI9c_v0he3rwpLw3PuXYaRy,919.0
https://www.youtube.com/watch?v=7XXaQnhOpWw,2025-01-08,https://www.youtube.com/watch?v=6X03OIr4J70&list=PLG38c7QgafDI9c_v0he3rwpLw3PuXYaRy,709.0
https://www.youtube.com/watch?v=uENU6BpxpaM,2025-01-07,https://www.youtube.com/watch?v=6X03OIr4J70&list=PLG38c7QgafDI9c_v0he3rwpLw3PuXYaRy,861.0
https://www.youtube.com/watch?v=kgobYQ6u5hg,2025-01-06,https://www.youtube.com/watch?v=6X03OIr4J70&list=PLG38c7QgafDI9c_v0he3rwpLw3PuXYaRy,795.0
https://www.youtube.com/watch?v=EcdNLx7E-pg,2025-01-03,https://www.youtube.com/watch?v=6X03OIr4J70&list=PLG38c7QgafDI9c_v0he3rwpLw3PuXYaRy,716.0
https://www.youtube.com/watch?v=BTivQEQ3m_Q,2025-01-02,https://www.youtube.com/watch?v=6X03OIr4J70&list=PLG38c7QgafDI9c_v0he3rwpLw3PuXYaRy,459.0
https://www.youtube.com/watch?v=a--IHdfZ_no,2025-01-01,https://www.youtube.com/watch?v=6X03OIr4J70&list=PLG38c7QgafDI9c_v0he3rwpLw3PuXYaRy,710.0
https://www.youtube.com/watch?v=aQu2sN1rqqg,2024-12-31,https://www.youtube.com/watch?v=6X03OIr4J70&list=PLG38c7QgafDI9c_v0he3rwpLw3PuXYaRy,839.0
https://www.youtube.com/watch?v=BbvSJM1xuBU,2024-12-30,https://www.youtube.com/watch?v=6X03OIr4J70&list=PLG38c7QgafDI9c_v0he3rwpLw3PuXYaRy,896.0
https://www.youtube.com/watch?v=IekUuOGc5EE,2024-12-27,https://www.youtube.com/watch?v=6X03OIr4J70&list=PLG38c7QgafDI9c_v0he3rwpLw3PuXYaRy,685.0
https://www.youtube.com/watch?v=Pj8qtyXBNWw,2024-12-25,https://www.youtube.com/watch?v=6X03OIr4J70&list=PLG38c7QgafDI9c_v0he3rwpLw3PuXYaRy,902.0
https://www.youtube.com/watch?v=3ckJ0Is0C4E,2024-12-24,https://www.youtube.com/watch?v=6X03OIr4J70&list=PLG38c7QgafDI9c_v0he3rwpLw3PuXYaRy,674.0
https://www.youtube.com/watch?v=OuNbqhmogaw,2024-12-23,https://www.youtube.com/watch?v=6X03OIr4J70&list=PLG38c7QgafDI9c_v0he3rwpLw3PuXYaRy,758.0
https://www.youtube.com/watch?v=XZE80B1P1Tw,2024-12-20,https://www.youtube.com/watch?v=6X03OIr4J70&list=PLG38c7QgafDI9c_v0he3rwpLw3PuXYaRy,699.0
https://www.youtube.com/watch?v=XmVYa54RsE8,2024-12-19,https://www.youtube.com/watch?v=6X03OIr4J70&list=PLG38c7QgafDI9c_v0he3rwpLw3PuXYaRy,704.0
https://www.youtube.com/watch?v=teSimzgZxII,2024-12-18,https://www.youtube.com/watch?v=6X03OIr4J70&list=PLG38c7QgafDI9c_v0he3rwpLw3PuXYaRy,757.0
https://www.youtube.com/watch?v=UyzntXtfuao,2024-12-17,https://www.youtube.com/watch?v=6X03OIr4J70&list=PLG38c7QgafDI9c_v0he3rwpLw3PuXYaRy,793.0
https://www.youtube.com/watch?v=fLJOdACT3GY,2024-12-16,https://www.youtube.com/watch?v=6X03OIr4J70&list=PLG38c7QgafDI9c_v0he3rwpLw3PuXYaRy,731.0
https://www.youtube.com/watch?v=WOJ6f4gru2c,2024-12-25,https://www.youtube.com/watch?v=WOJ6f4gru2c&list=PLG38c7QgafDKZoBE6xmWwboBnffQpSRTw,1418.0
https://www.youtube.com/watch?v=Xdu71tj6yt4,2024-12-18,https://www.youtube.com/watch?v=WOJ6f4gru2c&list=PLG38c7QgafDKZoBE6xmWwboBnffQpSRTw,1258.0
https://www.youtube.com/watch?v=ciC9V7KCPS0,2024-12-11,https://www.youtube.com/watch?v=WOJ6f4gru2c&list=PLG38c7QgafDKZoBE6xmWwboBnffQpSRTw,1267.0
https://www.youtube.com/watch?v=7rzXW-GTZsw,2024-12-04,https://www.youtube.com/watch?v=WOJ6f4gru2c&list=PLG38c7QgafDKZoBE6xmWwboBnffQpSRTw,1314.0
https://www.youtube.com/watch?v=Jy_r4AbD09A,2024-11-27,https://www.youtube.com/watch?v=WOJ6f4gru2c&list=PLG38c7QgafDKZoBE6xmWwboBnffQpSRTw,1249.0
https://www.youtube.com/watch?v=MSeYacwBlUs,2024-11-20,https://www.youtube.com/watch?v=WOJ6f4gru2c&list=PLG38c7QgafDKZoBE6xmWwboBnffQpSRTw,1214.0
https://www.youtube.com/watch?v=QXTNpYQmXcs,2025-01-06,https://www.youtube.com/watch?v=QXTNpYQmXcs&list=PLG38c7QgafDIG_PdlQpufsRXwKN8HofHL,2716.0
https://www.youtube.com/watch?v=JL2weF7FU4U,2024-12-30,https://www.youtube.com/watch?v=QXTNpYQmXcs&list=PLG38c7QgafDIG_PdlQpufsRXwKN8HofHL,2893.0
https://www.youtube.com/watch?v=6Nel6yDIBKQ,2024-12-23,https://www.youtube.com/watch?v=QXTNpYQmXcs&list=PLG38c7QgafDIG_PdlQpufsRXwKN8HofHL,2810.0
https://www.youtube.com/watch?v=e-DP-46GnqQ,2024-12-16,https://www.youtube.com/watch?v=QXTNpYQmXcs&list=PLG38c7QgafDIG_PdlQpufsRXwKN8HofHL,2885.0
https://www.youtube.com/watch?v=1QY1lUCUiDU,2024-12-02,https://www.youtube.com/watch?v=QXTNpYQmXcs&list=PLG38c7QgafDIG_PdlQpufsRXwKN8HofHL,2867.0
https://www.youtube.com/watch?v=vA8chctlIVM,2024-11-25,https://www.youtube.com/watch?v=QXTNpYQmXcs&list=PLG38c7QgafDIG_PdlQpufsRXwKN8HofHL,2784.0
https://www.youtube.com/watch?v=5UaYBmV125A,2024-11-27,https://www.youtube.com/watch?v=5UaYBmV125A&list=PLG38c7QgafDJcPLhbUQhwXj0VkeMO9XSd,775.0
https://www.youtube.com/watch?v=o6BnYMyi4pg,2024-11-27,https://www.youtube.com/watch?v=5UaYBmV125A&list=PLG38c7QgafDJcPLhbUQhwXj0VkeMO9XSd,600.0
https://www.youtube.com/watch?v=m06NBSHgxZg,2024-11-27,https://www.youtube.com/watch?v=5UaYBmV125A&list=PLG38c7QgafDJcPLhbUQhwXj0VkeMO9XSd,538.0
https://www.youtube.com/watch?v=eNUnDL5wmkI,2024-11-27,https://www.youtube.com/watch?v=5UaYBmV125A&list=PLG38c7QgafDJcPLhbUQhwXj0VkeMO9XSd,206.0
https://www.youtube.com/watch?v=qt8Js2Y4OJU,2024-11-27,https://www.youtube.com/watch?v=5UaYBmV125A&list=PLG38c7QgafDJcPLhbUQhwXj0VkeMO9XSd,741.0
https://www.youtube.com/watch?v=_cPg-pYHWdo,2024-11-27,https://www.youtube.com/watch?v=5UaYBmV125A&list=PLG38c7QgafDJcPLhbUQhwXj0VkeMO9XSd,255.0
https://www.youtube.com/watch?v=LAl90Rj6l3c,2024-11-27,https://www.youtube.com/watch?v=5UaYBmV125A&list=PLG38c7QgafDJcPLhbUQhwXj0VkeMO9XSd,350.0
https://www.youtube.com/watch?v=FmPCg8z5IH4,2024-11-27,https://www.youtube.com/watch?v=5UaYBmV125A&list=PLG38c7QgafDJcPLhbUQhwXj0VkeMO9XSd,1197.0
https://www.youtube.com/watch?v=Dy9bDRY-p2w,2024-11-27,https://www.youtube.com/watch?v=5UaYBmV125A&list=PLG38c7QgafDJcPLhbUQhwXj0VkeMO9XSd,225.0
https://www.youtube.com/watch?v=nbewIVE49P4,2024-11-27,https://www.youtube.com/watch?v=5UaYBmV125A&list=PLG38c7QgafDJcPLhbUQhwXj0VkeMO9XSd,286.0
https://www.youtube.com/watch?v=Yci5uT65jp8,2024-11-27,https://www.youtube.com/watch?v=5UaYBmV125A&list=PLG38c7QgafDJcPLhbUQhwXj0VkeMO9XSd,949.0
https://www.youtube.com/watch?v=LDS7dA4RLRI,2024-11-27,https://www.youtube.com/watch?v=5UaYBmV125A&list=PLG38c7QgafDJcPLhbUQhwXj0VkeMO9XSd,1078.0
https://www.youtube.com/watch?v=kldUWplYvJc,2024-11-27,https://www.youtube.com/watch?v=5UaYBmV125A&list=PLG38c7QgafDJcPLhbUQhwXj0VkeMO9XSd,362.0
https://www.youtube.com/watch?v=ZwXPlX6hMYM,2024-11-27,https://www.youtube.com/watch?v=5UaYBmV125A&list=PLG38c7QgafDJcPLhbUQhwXj0VkeMO9XSd,156.0
https://www.youtube.com/watch?v=sdhiooL4HD0,2024-12-19,https://www.youtube.com/watch?v=sdhiooL4HD0&list=PLQP03I9fS2V-E4ATAeQG8GZJugU-Aaqgy,16314.0
https://www.youtube.com/watch?v=_NtK4zIEAXQ,2024-12-19,https://www.youtube.com/watch?v=sdhiooL4HD0&list=PLQP03I9fS2V-E4ATAeQG8GZJugU-Aaqgy,16889.0
https://www.youtube.com/watch?v=D7gTGW_ST7w,2024-12-19,https://www.youtube.com/watch?v=sdhiooL4HD0&list=PLQP03I9fS2V-E4ATAeQG8GZJugU-Aaqgy,12524.0
https://www.youtube.com/watch?v=2y9-cdAxcEc,2024-12-17,https://www.youtube.com/watch?v=sdhiooL4HD0&list=PLQP03I9fS2V-E4ATAeQG8GZJugU-Aaqgy,12639.0
https://www.youtube.com/watch?v=w4hGvFgduGI,2024-12-17,https://www.youtube.com/watch?v=sdhiooL4HD0&list=PLQP03I9fS2V-E4ATAeQG8GZJugU-Aaqgy,12498.0
https://www.youtube.com/watch?v=mCqmFkXpdgM,2024-12-17,https://www.youtube.com/watch?v=sdhiooL4HD0&list=PLQP03I9fS2V-E4ATAeQG8GZJugU-Aaqgy,12654.0
https://www.youtube.com/watch?v=Zzd9G-xJRH8,2024-12-17,https://www.youtube.com/watch?v=sdhiooL4HD0&list=PLQP03I9fS2V-E4ATAeQG8GZJugU-Aaqgy,13091.0
https://www.youtube.com/watch?v=nWK0ZNJPF90,2024-12-12,https://www.youtube.com/watch?v=sdhiooL4HD0&list=PLQP03I9fS2V-E4ATAeQG8GZJugU-Aaqgy,12701.0
https://www.youtube.com/watch?v=Ja3ERB9TlgA,2024-12-11,https://www.youtube.com/watch?v=sdhiooL4HD0&list=PLQP03I9fS2V-E4ATAeQG8GZJugU-Aaqgy,13065.0
https://www.youtube.com/watch?v=HcZsQAWZZ_E,2024-12-10,https://www.youtube.com/watch?v=sdhiooL4HD0&list=PLQP03I9fS2V-E4ATAeQG8GZJugU-Aaqgy,11899.0
https://www.youtube.com/watch?v=gJ6d3ri-h14,2024-12-09,https://www.youtube.com/watch?v=sdhiooL4HD0&list=PLQP03I9fS2V-E4ATAeQG8GZJugU-Aaqgy,12711.0
https://www.youtube.com/watch?v=9WESqWo-di8,2025-01-05,https://www.youtube.com/watch?v=9WESqWo-di8&list=PLG38c7QgafDIrcEZ8HdQxRxgMJJSt_jN8,945.0
https://www.youtube.com/watch?v=frEW-GC81uI,2024-12-29,https://www.youtube.com/watch?v=9WESqWo-di8&list=PLG38c7QgafDIrcEZ8HdQxRxgMJJSt_jN8,940.0
https://www.youtube.com/watch?v=uWQARCeKVxk,2024-12-22,https://www.youtube.com/watch?v=9WESqWo-di8&list=PLG38c7QgafDIrcEZ8HdQxRxgMJJSt_jN8,1331.0
https://www.youtube.com/watch?v=3vZdDOfglIo,2024-12-15,https://www.youtube.com/watch?v=9WESqWo-di8&list=PLG38c7QgafDIrcEZ8HdQxRxgMJJSt_jN8,1547.0
https://www.youtube.com/watch?v=F0wC9qB-HyA,2024-12-08,https://www.youtube.com/watch?v=9WESqWo-di8&list=PLG38c7QgafDIrcEZ8HdQxRxgMJJSt_jN8,1653.0
https://www.youtube.com/watch?v=pJyd7Ho8fbQ,2024-12-01,https://www.youtube.com/watch?v=9WESqWo-di8&list=PLG38c7QgafDIrcEZ8HdQxRxgMJJSt_jN8,1316.0
https://www.youtube.com/watch?v=lIIPfxzgnfw,2024-11-24,https://www.youtube.com/watch?v=9WESqWo-di8&list=PLG38c7QgafDIrcEZ8HdQxRxgMJJSt_jN8,1118.0
https://www.youtube.com/watch?v=4T6cEmGPoWo,2025-01-07,https://www.youtube.com/watch?v=4T6cEmGPoWo&list=PLG38c7QgafDIYoM6CZbNU5-v2jkvL3gHk,1552.0
https://www.youtube.com/watch?v=U4stJvGgX-4,2024-12-24,https://www.youtube.com/watch?v=4T6cEmGPoWo&list=PLG38c7QgafDIYoM6CZbNU5-v2jkvL3gHk,1391.0
https://www.youtube.com/watch?v=tFs7K6J4hmk,2024-12-17,https://www.youtube.com/watch?v=4T6cEmGPoWo&list=PLG38c7QgafDIYoM6CZbNU5-v2jkvL3gHk,1421.0
https://www.youtube.com/watch?v=D5rUHYbHkZw,2024-12-10,https://www.youtube.com/watch?v=4T6cEmGPoWo&list=PLG38c7QgafDIYoM6CZbNU5-v2jkvL3gHk,1627.0
https://www.youtube.com/watch?v=KU7JtsVCdYI,2024-12-03,https://www.youtube.com/watch?v=4T6cEmGPoWo&list=PLG38c7QgafDIYoM6CZbNU5-v2jkvL3gHk,1433.0
https://www.youtube.com/watch?v=zP2NkfBJZ-4,2024-11-26,https://www.youtube.com/watch?v=4T6cEmGPoWo&list=PLG38c7QgafDIYoM6CZbNU5-v2jkvL3gHk,1422.0
https://www.youtube.com/watch?v=WVsv4QftpV8,2024-12-19,https://www.youtube.com/watch?v=WVsv4QftpV8&list=PLQP03I9fS2V9cLONFXzGSTIt0Js91-itS,2316.0
https://www.youtube.com/watch?v=JVGIUzSIrtE,2024-12-16,https://www.youtube.com/watch?v=WVsv4QftpV8&list=PLQP03I9fS2V9cLONFXzGSTIt0Js91-itS,1961.0
https://www.youtube.com/watch?v=OAQCkrmz7Q8,2024-12-16,https://www.youtube.com/watch?v=WVsv4QftpV8&list=PLQP03I9fS2V9cLONFXzGSTIt0Js91-itS,1011.0
https://www.youtube.com/watch?v=BLUm2zIgNRM,2024-12-12,https://www.youtube.com/watch?v=WVsv4QftpV8&list=PLQP03I9fS2V9cLONFXzGSTIt0Js91-itS,2691.0
https://www.youtube.com/watch?v=TLvUI9XHUIY,2024-12-11,https://www.youtube.com/watch?v=WVsv4QftpV8&list=PLQP03I9fS2V9cLONFXzGSTIt0Js91-itS,1250.0
https://www.youtube.com/watch?v=D90OWO7aMwg,2024-12-11,https://www.youtube.com/watch?v=WVsv4QftpV8&list=PLQP03I9fS2V9cLONFXzGSTIt0Js91-itS,2069.0
https://www.youtube.com/watch?v=8ZoTyFDYtsU,2024-12-09,https://www.youtube.com/watch?v=WVsv4QftpV8&list=PLQP03I9fS2V9cLONFXzGSTIt0Js91-itS,1530.0
https://www.youtube.com/watch?v=x_kVYe3-f0M,2024-12-08,https://www.youtube.com/watch?v=WVsv4QftpV8&list=PLQP03I9fS2V9cLONFXzGSTIt0Js91-itS,815.0
https://www.youtube.com/watch?v=8Ukwrwo70uI,2025-01-10,https://www.youtube.com/watch?v=8Ukwrwo70uI&list=PLG38c7QgafDJDqQykyCC2sxbk0gRl8giS,573.0
https://www.youtube.com/watch?v=nv2xmGBnyB8,2025-01-03,https://www.youtube.com/watch?v=8Ukwrwo70uI&list=PLG38c7QgafDJDqQykyCC2sxbk0gRl8giS,601.0
https://www.youtube.com/watch?v=e3lUMafLoxA,2024-12-28,https://www.youtube.com/watch?v=8Ukwrwo70uI&list=PLG38c7QgafDJDqQykyCC2sxbk0gRl8giS,580.0
https://www.youtube.com/watch?v=E1OmgiXLyxs,2024-12-20,https://www.youtube.com/watch?v=8Ukwrwo70uI&list=PLG38c7QgafDJDqQykyCC2sxbk0gRl8giS,628.0
https://www.youtube.com/watch?v=3ybxxixuFs0,2024-12-13,https://www.youtube.com/watch?v=8Ukwrwo70uI&list=PLG38c7QgafDJDqQykyCC2sxbk0gRl8giS,602.0
https://www.youtube.com/watch?v=mLjNU1UH9Y0,2024-12-06,https://www.youtube.com/watch?v=8Ukwrwo70uI&list=PLG38c7QgafDJDqQykyCC2sxbk0gRl8giS,598.0
https://www.youtube.com/watch?v=gYrHF8EqaPo,2024-11-29,https://www.youtube.com/watch?v=8Ukwrwo70uI&list=PLG38c7QgafDJDqQykyCC2sxbk0gRl8giS,814.0
https://www.youtube.com/watch?v=vSHJgD9CjPE,2024-11-22,https://www.youtube.com/watch?v=8Ukwrwo70uI&list=PLG38c7QgafDJDqQykyCC2sxbk0gRl8giS,600.0
https://www.youtube.com/watch?v=uZR9KbNHQ_g,2025-01-13,https://www.youtube.com/watch?v=_P6loQByV-8&list=PLQP03I9fS2V-0RZ92EU-BHUytn5pRx-mh&index=2,1152.0
https://www.youtube.com/watch?v=_P6loQByV-8,2025-01-09,https://www.youtube.com/watch?v=_P6loQByV-8&list=PLQP03I9fS2V-0RZ92EU-BHUytn5pRx-mh&index=2,1266.0
https://www.youtube.com/watch?v=4_jNjRi_2x4,2025-01-13,https://www.youtube.com/watch?v=_P6loQByV-8&list=PLQP03I9fS2V-0RZ92EU-BHUytn5pRx-mh&index=2,823.0
https://www.youtube.com/watch?v=S-7LZf3blVA,2025-01-18,https://www.youtube.com/watch?v=_P6loQByV-8&list=PLQP03I9fS2V-0RZ92EU-BHUytn5pRx-mh&index=2,1885.0
https://www.youtube.com/watch?v=jy9Ia3xfV3M,2025-01-18,https://www.youtube.com/watch?v=_P6loQByV-8&list=PLQP03I9fS2V-0RZ92EU-BHUytn5pRx-mh&index=2,1200.0
https://www.youtube.com/watch?v=YrkiLDkjrDY,2025-01-19,https://www.youtube.com/watch?v=_P6loQByV-8&list=PLQP03I9fS2V-0RZ92EU-BHUytn5pRx-mh&index=2,1700.0
https://www.youtube.com/watch?v=qoT13gwCzCQ,2025-01-25,https://www.youtube.com/watch?v=_P6loQByV-8&list=PLQP03I9fS2V-0RZ92EU-BHUytn5pRx-mh&index=2,1379.0
https://www.youtube.com/watch?v=mV85D05Enyg,2025-01-25,https://www.youtube.com/watch?v=_P6loQByV-8&list=PLQP03I9fS2V-0RZ92EU-BHUytn5pRx-mh&index=2,1327.0
https://www.youtube.com/watch?v=D1k4v48Vw04,2025-01-25,https://www.youtube.com/watch?v=_P6loQByV-8&list=PLQP03I9fS2V-0RZ92EU-BHUytn5pRx-mh&index=2,880.0
https://www.youtube.com/watch?v=ijahkw1CS0M,2025-02-14,https://www.youtube.com/watch?v=7tMKcj1Eax4&list=PLNI-cJa63vBJCTRRWnsbS_UKMnhpmZp5t,3083.0
https://www.youtube.com/watch?v=sGPQtgAKybg,2025-02-13,https://www.youtube.com/watch?v=7tMKcj1Eax4&list=PLNI-cJa63vBJCTRRWnsbS_UKMnhpmZp5t,2889.0
https://www.youtube.com/watch?v=cgjfO-GcqFY,2025-02-12,https://www.youtube.com/watch?v=7tMKcj1Eax4&list=PLNI-cJa63vBJCTRRWnsbS_UKMnhpmZp5t,2839.0
https://www.youtube.com/watch?v=uXf9yO29Qb0,2025-02-11,https://www.youtube.com/watch?v=7tMKcj1Eax4&list=PLNI-cJa63vBJCTRRWnsbS_UKMnhpmZp5t,2970.0
https://www.youtube.com/watch?v=7tMKcj1Eax4,2025-02-10,https://www.youtube.com/watch?v=7tMKcj1Eax4&list=PLNI-cJa63vBJCTRRWnsbS_UKMnhpmZp5t,2766.0
https://www.youtube.com/watch?v=OoWO2ArsEzQ,2025-02-09,https://www.youtube.com/watch?v=7tMKcj1Eax4&list=PLNI-cJa63vBJCTRRWnsbS_UKMnhpmZp5t,3150.0
https://www.youtube.com/watch?v=isHKFeaxJmE,2025-02-06,https://www.youtube.com/watch?v=7tMKcj1Eax4&list=PLNI-cJa63vBJCTRRWnsbS_UKMnhpmZp5t,3168.0
https://www.youtube.com/watch?v=WonTGuQQRy4,2025-02-05,https://www.youtube.com/watch?v=7tMKcj1Eax4&list=PLNI-cJa63vBJCTRRWnsbS_UKMnhpmZp5t,2821.0
https://www.youtube.com/watch?v=PyrUt6qKDx4,2025-02-04,https://www.youtube.com/watch?v=7tMKcj1Eax4&list=PLNI-cJa63vBJCTRRWnsbS_UKMnhpmZp5t,2863.0
https://www.youtube.com/watch?v=nZL_HMAZKpI,2025-02-03,https://www.youtube.com/watch?v=7tMKcj1Eax4&list=PLNI-cJa63vBJCTRRWnsbS_UKMnhpmZp5t,2906.0
https://www.youtube.com/watch?v=TmnC37nD-xM,2025-02-02,https://www.youtube.com/watch?v=7tMKcj1Eax4&list=PLNI-cJa63vBJCTRRWnsbS_UKMnhpmZp5t,3065.0
https://www.youtube.com/watch?v=ZiBIXZnq3tk,2025-01-30,https://www.youtube.com/watch?v=7tMKcj1Eax4&list=PLNI-cJa63vBJCTRRWnsbS_UKMnhpmZp5t,2934.0
https://www.youtube.com/watch?v=cvONW-9KkzU,2025-01-29,https://www.youtube.com/watch?v=7tMKcj1Eax4&list=PLNI-cJa63vBJCTRRWnsbS_UKMnhpmZp5t,2836.0
https://www.youtube.com/watch?v=yr6lhisbRKM,2025-01-28,https://www.youtube.com/watch?v=7tMKcj1Eax4&list=PLNI-cJa63vBJCTRRWnsbS_UKMnhpmZp5t,3061.0
https://www.youtube.com/watch?v=PP9Dj3hKzPc,2025-01-27,https://www.youtube.com/watch?v=7tMKcj1Eax4&list=PLNI-cJa63vBJCTRRWnsbS_UKMnhpmZp5t,2936.0
https://www.youtube.com/watch?v=DwC24XU9s78,2025-01-23,https://www.youtube.com/watch?v=7tMKcj1Eax4&list=PLNI-cJa63vBJCTRRWnsbS_UKMnhpmZp5t,3026.0
https://www.youtube.com/watch?v=fhMzEmBNkQg,2025-01-14,https://www.youtube.com/watch?v=7tMKcj1Eax4&list=PLNI-cJa63vBJCTRRWnsbS_UKMnhpmZp5t,2910.0
https://www.youtube.com/watch?v=3zJnFth_6lY,2025-01-13,https://www.youtube.com/watch?v=7tMKcj1Eax4&list=PLNI-cJa63vBJCTRRWnsbS_UKMnhpmZp5t,2840.0
https://www.youtube.com/watch?v=zuqh37w1BQg,2025-01-12,https://www.youtube.com/watch?v=7tMKcj1Eax4&list=PLNI-cJa63vBJCTRRWnsbS_UKMnhpmZp5t,2908.0
https://www.youtube.com/watch?v=IXv0cGv3bLY,2025-01-09,https://www.youtube.com/watch?v=7tMKcj1Eax4&list=PLNI-cJa63vBJCTRRWnsbS_UKMnhpmZp5t,3014.0
https://www.youtube.com/watch?v=HTI4KdKDtGE,2025-01-08,https://www.youtube.com/watch?v=7tMKcj1Eax4&list=PLNI-cJa63vBJCTRRWnsbS_UKMnhpmZp5t,3152.0
https://www.youtube.com/watch?v=7hxk4GPRxYQ,2025-01-07,https://www.youtube.com/watch?v=7tMKcj1Eax4&list=PLNI-cJa63vBJCTRRWnsbS_UKMnhpmZp5t,3098.0
https://www.youtube.com/watch?v=PWQ-GSL_6Us,2025-01-06,https://www.youtube.com/watch?v=7tMKcj1Eax4&list=PLNI-cJa63vBJCTRRWnsbS_UKMnhpmZp5t,3066.0
https://www.youtube.com/watch?v=y5ga8gRa1Xk,2025-01-05,https://www.youtube.com/watch?v=7tMKcj1Eax4&list=PLNI-cJa63vBJCTRRWnsbS_UKMnhpmZp5t,3095.0
https://www.youtube.com/watch?v=kYAkcXV03RA,2025-01-02,https://www.youtube.com/watch?v=7tMKcj1Eax4&list=PLNI-cJa63vBJCTRRWnsbS_UKMnhpmZp5t,2911.0
https://www.youtube.com/watch?v=A-YK4_HjX5o,2025-02-17,https://www.youtube.com/watch?v=7tMKcj1Eax4&list=PLNI-cJa63vBJCTRRWnsbS_UKMnhpmZp5t,2791.0
https://www.youtube.com/watch?v=8MINCE77e8A,2025-01-29,https://www.youtube.com/watch?v=8MINCE77e8A&list=PLG38c7QgafDIWYDX9jBqhhc2EdgEWlbJk,1719.0
https://www.youtube.com/watch?v=yUsUCtAhVnM,2025-01-22,https://www.youtube.com/watch?v=8MINCE77e8A&list=PLG38c7QgafDIWYDX9jBqhhc2EdgEWlbJk,1623.0
https://www.youtube.com/watch?v=iOoQmgi4lho,2025-01-15,https://www.youtube.com/watch?v=8MINCE77e8A&list=PLG38c7QgafDIWYDX9jBqhhc2EdgEWlbJk,1928.0
https://www.youtube.com/watch?v=ndplkZ3acVA,2025-01-08,https://www.youtube.com/watch?v=8MINCE77e8A&list=PLG38c7QgafDIWYDX9jBqhhc2EdgEWlbJk,1793.0
https://www.youtube.com/watch?v=s-ovz_G1rhU,2024-12-25,https://www.youtube.com/watch?v=8MINCE77e8A&list=PLG38c7QgafDIWYDX9jBqhhc2EdgEWlbJk,1565.0
https://www.youtube.com/watch?v=VbzWgj9qsHw,2024-12-18,https://www.youtube.com/watch?v=8MINCE77e8A&list=PLG38c7QgafDIWYDX9jBqhhc2EdgEWlbJk,1590.0
https://www.youtube.com/watch?v=gUhZDq6y1WM,2024-12-11,https://www.youtube.com/watch?v=8MINCE77e8A&list=PLG38c7QgafDIWYDX9jBqhhc2EdgEWlbJk,1625.0
https://www.youtube.com/watch?v=NZvDkXizM7E,2024-12-04,https://www.youtube.com/watch?v=8MINCE77e8A&list=PLG38c7QgafDIWYDX9jBqhhc2EdgEWlbJk,2038.0
https://www.youtube.com/watch?v=FYNgBfInGK4,2024-11-27,https://www.youtube.com/watch?v=8MINCE77e8A&list=PLG38c7QgafDIWYDX9jBqhhc2EdgEWlbJk,1828.0
https://www.youtube.com/watch?v=u7jGW4vUAt8,2024-11-21,https://www.youtube.com/watch?v=8MINCE77e8A&list=PLG38c7QgafDIWYDX9jBqhhc2EdgEWlbJk,1662.0
https://www.youtube.com/watch?v=7n5pxPaDL4U,2024-12-19,https://www.youtube.com/watch?v=7n5pxPaDL4U&list=PLQP03I9fS2V8E2ogGeXKDhsBNH5_IVmAL,601.0
https://www.youtube.com/watch?v=wiCzXHUJlSs,2024-12-18,https://www.youtube.com/watch?v=7n5pxPaDL4U&list=PLQP03I9fS2V8E2ogGeXKDhsBNH5_IVmAL,597.0
https://www.youtube.com/watch?v=n82d-OKRBqc,2024-12-17,https://www.youtube.com/watch?v=7n5pxPaDL4U&list=PLQP03I9fS2V8E2ogGeXKDhsBNH5_IVmAL,486.0
https://www.youtube.com/watch?v=2SMYXEt7o9Q,2024-12-17,https://www.youtube.com/watch?v=7n5pxPaDL4U&list=PLQP03I9fS2V8E2ogGeXKDhsBNH5_IVmAL,579.0
https://www.youtube.com/watch?v=IvTgbP-ZAPw,2024-12-17,https://www.youtube.com/watch?v=7n5pxPaDL4U&list=PLQP03I9fS2V8E2ogGeXKDhsBNH5_IVmAL,572.0
https://www.youtube.com/watch?v=y_7a-NJ0j2U,2024-12-12,https://www.youtube.com/watch?v=7n5pxPaDL4U&list=PLQP03I9fS2V8E2ogGeXKDhsBNH5_IVmAL,639.0
https://www.youtube.com/watch?v=CbD1Xsshdz8,2024-12-11,https://www.youtube.com/watch?v=7n5pxPaDL4U&list=PLQP03I9fS2V8E2ogGeXKDhsBNH5_IVmAL,542.0
https://www.youtube.com/watch?v=CViV2EGAN5E,2024-12-10,https://www.youtube.com/watch?v=7n5pxPaDL4U&list=PLQP03I9fS2V8E2ogGeXKDhsBNH5_IVmAL,614.0
https://www.youtube.com/watch?v=GIhSuIvLqa0,2024-12-09,https://www.youtube.com/watch?v=7n5pxPaDL4U&list=PLQP03I9fS2V8E2ogGeXKDhsBNH5_IVmAL,663.0
https://www.youtube.com/watch?v=4kjesSTGU5w,2024-12-08,https://www.youtube.com/watch?v=7n5pxPaDL4U&list=PLQP03I9fS2V8E2ogGeXKDhsBNH5_IVmAL,595.0
https://www.youtube.com/watch?v=91xkbo5enGY,2025-01-14,https://www.youtube.com/watch?v=91xkbo5enGY&list=PLQP03I9fS2V_dKBLGsOSDA7d3wvYp7XRv,211.0
https://www.youtube.com/watch?v=-AsKMqzc7nc,2025-01-14,https://www.youtube.com/watch?v=91xkbo5enGY&list=PLQP03I9fS2V_dKBLGsOSDA7d3wvYp7XRv,153.0
https://www.youtube.com/watch?v=Q9rIDxNZrGU,2025-01-14,https://www.youtube.com/watch?v=91xkbo5enGY&list=PLQP03I9fS2V_dKBLGsOSDA7d3wvYp7XRv,183.0
https://www.youtube.com/watch?v=0CNBqIulcXw,2025-01-14,https://www.youtube.com/watch?v=91xkbo5enGY&list=PLQP03I9fS2V_dKBLGsOSDA7d3wvYp7XRv,156.0
https://www.youtube.com/watch?v=5qXLtkdMqnc,2025-01-14,https://www.youtube.com/watch?v=91xkbo5enGY&list=PLQP03I9fS2V_dKBLGsOSDA7d3wvYp7XRv,139.0
https://www.youtube.com/watch?v=mdmshmwUYng,2025-01-14,https://www.youtube.com/watch?v=91xkbo5enGY&list=PLQP03I9fS2V_dKBLGsOSDA7d3wvYp7XRv,180.0
https://www.youtube.com/watch?v=WCOH_ePfEIA,2025-01-14,https://www.youtube.com/watch?v=91xkbo5enGY&list=PLQP03I9fS2V_dKBLGsOSDA7d3wvYp7XRv,143.0
https://www.youtube.com/watch?v=nAglrhJ1aB4,2024-12-11,https://www.youtube.com/watch?v=91xkbo5enGY&list=PLQP03I9fS2V_dKBLGsOSDA7d3wvYp7XRv,241.0
https://www.youtube.com/watch?v=8ApDFpkiQ5M,2024-12-10,https://www.youtube.com/watch?v=91xkbo5enGY&list=PLQP03I9fS2V_dKBLGsOSDA7d3wvYp7XRv,170.0
https://www.youtube.com/watch?v=NCtJR1j6aIE,2024-12-09,https://www.youtube.com/watch?v=91xkbo5enGY&list=PLQP03I9fS2V_dKBLGsOSDA7d3wvYp7XRv,231.0
https://www.youtube.com/watch?v=di05dtpMMHw,2024-12-08,https://www.youtube.com/watch?v=91xkbo5enGY&list=PLQP03I9fS2V_dKBLGsOSDA7d3wvYp7XRv,240.0
https://www.youtube.com/watch?v=lLfq3r5ENgM,2025-02-14,https://www.youtube.com/watch?v=KFihMO1WFXI&list=PLNI-cJa63vBKxpe7-B_CHb13WjIl8FeR7,1107.0
https://www.youtube.com/watch?v=4tsLfnLIdmU,2025-02-13,https://www.youtube.com/watch?v=KFihMO1WFXI&list=PLNI-cJa63vBKxpe7-B_CHb13WjIl8FeR7,1138.0
https://www.youtube.com/watch?v=gr-TxKdCz20,2025-02-13,https://www.youtube.com/watch?v=KFihMO1WFXI&list=PLNI-cJa63vBKxpe7-B_CHb13WjIl8FeR7,1297.0
https://www.youtube.com/watch?v=1DiBHVazL3Y,2025-02-12,https://www.youtube.com/watch?v=KFihMO1WFXI&list=PLNI-cJa63vBKxpe7-B_CHb13WjIl8FeR7,1370.0
https://www.youtube.com/watch?v=NPy50dR-DZg,2025-02-10,https://www.youtube.com/watch?v=KFihMO1WFXI&list=PLNI-cJa63vBKxpe7-B_CHb13WjIl8FeR7,1499.0
https://www.youtube.com/watch?v=d_XQYz8ao8E,2025-02-10,https://www.youtube.com/watch?v=KFihMO1WFXI&list=PLNI-cJa63vBKxpe7-B_CHb13WjIl8FeR7,1397.0
https://www.youtube.com/watch?v=etfLqWgyGZU,2025-02-09,https://www.youtube.com/watch?v=KFihMO1WFXI&list=PLNI-cJa63vBKxpe7-B_CHb13WjIl8FeR7,1396.0
https://www.youtube.com/watch?v=EE3K4kK0AVA,2025-02-09,https://www.youtube.com/watch?v=KFihMO1WFXI&list=PLNI-cJa63vBKxpe7-B_CHb13WjIl8FeR7,1291.0
https://www.youtube.com/watch?v=KFihMO1WFXI,2025-02-06,https://www.youtube.com/watch?v=KFihMO1WFXI&list=PLNI-cJa63vBKxpe7-B_CHb13WjIl8FeR7,1234.0
https://www.youtube.com/watch?v=yBE62icm4X8,2025-02-06,https://www.youtube.com/watch?v=KFihMO1WFXI&list=PLNI-cJa63vBKxpe7-B_CHb13WjIl8FeR7,1216.0
https://www.youtube.com/watch?v=K6PfKtaLG6c,2025-02-04,https://www.youtube.com/watch?v=KFihMO1WFXI&list=PLNI-cJa63vBKxpe7-B_CHb13WjIl8FeR7,1259.0
https://www.youtube.com/watch?v=NAqvbSSLM3U,2025-02-04,https://www.youtube.com/watch?v=KFihMO1WFXI&list=PLNI-cJa63vBKxpe7-B_CHb13WjIl8FeR7,1260.0
https://www.youtube.com/watch?v=-uVD5Qa0Ekg,2025-02-02,https://www.youtube.com/watch?v=KFihMO1WFXI&list=PLNI-cJa63vBKxpe7-B_CHb13WjIl8FeR7,1356.0
https://www.youtube.com/watch?v=zQhKb0vJhQg,2025-02-02,https://www.youtube.com/watch?v=KFihMO1WFXI&list=PLNI-cJa63vBKxpe7-B_CHb13WjIl8FeR7,1247.0
https://www.youtube.com/watch?v=Ogyjw1sPqb4,2025-02-02,https://www.youtube.com/watch?v=KFihMO1WFXI&list=PLNI-cJa63vBKxpe7-B_CHb13WjIl8FeR7,1237.0
https://www.youtube.com/watch?v=r4aZHnRSES4,2025-02-02,https://www.youtube.com/watch?v=KFihMO1WFXI&list=PLNI-cJa63vBKxpe7-B_CHb13WjIl8FeR7,1269.0
https://www.youtube.com/watch?v=cRValu1TZsw,2025-02-16,https://www.youtube.com/watch?v=KFihMO1WFXI&list=PLNI-cJa63vBKxpe7-B_CHb13WjIl8FeR7,1061.0
https://www.youtube.com/watch?v=q8-1aYHlzRA,2025-02-16,https://www.youtube.com/watch?v=KFihMO1WFXI&list=PLNI-cJa63vBKxpe7-B_CHb13WjIl8FeR7,967.0
https://www.youtube.com/watch?v=dST9dh-sHEc,2025-01-11,https://www.youtube.com/watch?v=dST9dh-sHEc&list=PLG38c7QgafDIOaD2teRrf4kkUR7Rdc9y9,3092.0
https://www.youtube.com/watch?v=y4ardwGZF8E,2025-01-04,https://www.youtube.com/watch?v=dST9dh-sHEc&list=PLG38c7QgafDIOaD2teRrf4kkUR7Rdc9y9,3151.0
https://www.youtube.com/watch?v=uHk_URBvVHM,2024-12-29,https://www.youtube.com/watch?v=dST9dh-sHEc&list=PLG38c7QgafDIOaD2teRrf4kkUR7Rdc9y9,2878.0
https://www.youtube.com/watch?v=Y2EUMvsMMx8,2024-12-28,https://www.youtube.com/watch?v=dST9dh-sHEc&list=PLG38c7QgafDIOaD2teRrf4kkUR7Rdc9y9,2997.0
https://www.youtube.com/watch?v=kYUex2bBbSE,2024-12-22,https://www.youtube.com/watch?v=dST9dh-sHEc&list=PLG38c7QgafDIOaD2teRrf4kkUR7Rdc9y9,2919.0
https://www.youtube.com/watch?v=riJpovIiE-k,2024-12-21,https://www.youtube.com/watch?v=dST9dh-sHEc&list=PLG38c7QgafDIOaD2teRrf4kkUR7Rdc9y9,2857.0
https://www.youtube.com/watch?v=BRxEyctAW20,2024-12-15,https://www.youtube.com/watch?v=dST9dh-sHEc&list=PLG38c7QgafDIOaD2teRrf4kkUR7Rdc9y9,2653.0
https://www.youtube.com/watch?v=v09jHcb9JyY,2024-12-14,https://www.youtube.com/watch?v=dST9dh-sHEc&list=PLG38c7QgafDIOaD2teRrf4kkUR7Rdc9y9,2957.0
https://www.youtube.com/watch?v=LTJqI4kyT-I,2024-12-19,https://www.youtube.com/watch?v=LTJqI4kyT-I&list=PLNI-cJa63vBIY3toe8VUJ4yLnMGl2VBTD,2926.0
https://www.youtube.com/watch?v=nA0AlDW0G7U,2024-12-18,https://www.youtube.com/watch?v=LTJqI4kyT-I&list=PLNI-cJa63vBIY3toe8VUJ4yLnMGl2VBTD,2869.0
https://www.youtube.com/watch?v=HPxl_6n8ogo,2024-12-17,https://www.youtube.com/watch?v=LTJqI4kyT-I&list=PLNI-cJa63vBIY3toe8VUJ4yLnMGl2VBTD,2908.0
https://www.youtube.com/watch?v=bH9K3IDTA_w,2024-12-16,https://www.youtube.com/watch?v=LTJqI4kyT-I&list=PLNI-cJa63vBIY3toe8VUJ4yLnMGl2VBTD,2739.0
https://www.youtube.com/watch?v=FlsoFYfDH7g,2024-12-15,https://www.youtube.com/watch?v=LTJqI4kyT-I&list=PLNI-cJa63vBIY3toe8VUJ4yLnMGl2VBTD,2876.0
https://www.youtube.com/watch?v=b48Z4GhasJs,2024-12-14,https://www.youtube.com/watch?v=LTJqI4kyT-I&list=PLNI-cJa63vBIY3toe8VUJ4yLnMGl2VBTD,2821.0
https://www.youtube.com/watch?v=hMRkTcqvqYQ,2024-12-13,https://www.youtube.com/watch?v=LTJqI4kyT-I&list=PLNI-cJa63vBIY3toe8VUJ4yLnMGl2VBTD,2779.0
https://www.youtube.com/watch?v=sL-mNxJgv_s,2024-12-12,https://www.youtube.com/watch?v=LTJqI4kyT-I&list=PLNI-cJa63vBIY3toe8VUJ4yLnMGl2VBTD,2937.0
https://www.youtube.com/watch?v=ulR3GwmrOZw,2024-12-11,https://www.youtube.com/watch?v=LTJqI4kyT-I&list=PLNI-cJa63vBIY3toe8VUJ4yLnMGl2VBTD,2882.0
https://www.youtube.com/watch?v=iU9_qWdU8IY,2025-01-12,https://www.youtube.com/watch?v=iU9_qWdU8IY&list=PLG38c7QgafDLKtFPEwnOm5XEtrYRwruEG,2406.0
https://www.youtube.com/watch?v=z2nTfOjAm4E,2025-01-11,https://www.youtube.com/watch?v=iU9_qWdU8IY&list=PLG38c7QgafDLKtFPEwnOm5XEtrYRwruEG,2414.0
https://www.youtube.com/watch?v=7dj_CCcLYR8,2025-01-05,https://www.youtube.com/watch?v=iU9_qWdU8IY&list=PLG38c7QgafDLKtFPEwnOm5XEtrYRwruEG,2199.0
https://www.youtube.com/watch?v=dHi9Ge2YeNQ,2025-01-04,https://www.youtube.com/watch?v=iU9_qWdU8IY&list=PLG38c7QgafDLKtFPEwnOm5XEtrYRwruEG,2196.0
https://www.youtube.com/watch?v=OLLVwmGCShs,2024-12-29,https://www.youtube.com/watch?v=iU9_qWdU8IY&list=PLG38c7QgafDLKtFPEwnOm5XEtrYRwruEG,2498.0
https://www.youtube.com/watch?v=gS1VMZp0SO8,2024-12-28,https://www.youtube.com/watch?v=iU9_qWdU8IY&list=PLG38c7QgafDLKtFPEwnOm5XEtrYRwruEG,2269.0
https://www.youtube.com/watch?v=yj-n0gsTcDc,2024-12-22,https://www.youtube.com/watch?v=iU9_qWdU8IY&list=PLG38c7QgafDLKtFPEwnOm5XEtrYRwruEG,2334.0
https://www.youtube.com/watch?v=pizp5wUE9gg,2024-12-21,https://www.youtube.com/watch?v=iU9_qWdU8IY&list=PLG38c7QgafDLKtFPEwnOm5XEtrYRwruEG,2394.0
https://www.youtube.com/watch?v=mIMXaAJMNFc,2024-12-15,https://www.youtube.com/watch?v=iU9_qWdU8IY&list=PLG38c7QgafDLKtFPEwnOm5XEtrYRwruEG,2288.0
https://www.youtube.com/watch?v=f2LYuyO22q4,2024-12-14,https://www.youtube.com/watch?v=iU9_qWdU8IY&list=PLG38c7QgafDLKtFPEwnOm5XEtrYRwruEG,2310.0
https://www.youtube.com/watch?v=XQYbalAdCHk,2024-11-26,https://www.youtube.com/watch?v=mFNZDgtcpcM&list=PLG38c7QgafDJxGTy4f_oXM_NI2y_ibqgj,3045.0
https://www.youtube.com/watch?v=Pe6r2ecWxHE,2024-12-10,https://www.youtube.com/watch?v=mFNZDgtcpcM&list=PLG38c7QgafDJxGTy4f_oXM_NI2y_ibqgj,2873.0
https://www.youtube.com/watch?v=v6Vw-vR14Tc,2024-12-17,https://www.youtube.com/watch?v=mFNZDgtcpcM&list=PLG38c7QgafDJxGTy4f_oXM_NI2y_ibqgj,2449.0
https://www.youtube.com/watch?v=g9157ZR0m9g,2024-12-24,https://www.youtube.com/watch?v=mFNZDgtcpcM&list=PLG38c7QgafDJxGTy4f_oXM_NI2y_ibqgj,3202.0
https://www.youtube.com/watch?v=7gSY8YZFuWw,2025-01-07,https://www.youtube.com/watch?v=mFNZDgtcpcM&list=PLG38c7QgafDJxGTy4f_oXM_NI2y_ibqgj,3127.0
https://www.youtube.com/watch?v=9Uz5Tvxtz2E,2025-01-14,https://www.youtube.com/watch?v=mFNZDgtcpcM&list=PLG38c7QgafDJxGTy4f_oXM_NI2y_ibqgj,3051.0
https://www.youtube.com/watch?v=Tpi3Rapdqeg,2024-12-03,https://www.youtube.com/watch?v=Tpi3Rapdqeg&list=PLQP03I9fS2V8JCcDYylnDaphI80ieF6h0,1522.0
https://www.youtube.com/watch?v=awyzR8JglRA,2024-12-03,https://www.youtube.com/watch?v=Tpi3Rapdqeg&list=PLQP03I9fS2V8JCcDYylnDaphI80ieF6h0,1592.0
https://www.youtube.com/watch?v=lAyXlCdOqU4,2024-12-30,https://www.youtube.com/watch?v=lAyXlCdOqU4&list=PLNI-cJa63vBJ3B9VDlGZukFO2qvOJubj-,5609.0
https://www.youtube.com/watch?v=jH4soTASgnA,2024-12-29,https://www.youtube.com/watch?v=lAyXlCdOqU4&list=PLNI-cJa63vBJ3B9VDlGZukFO2qvOJubj-,15165.0
https://www.youtube.com/watch?v=fUKKSHBr7uI,2024-12-29,https://www.youtube.com/watch?v=lAyXlCdOqU4&list=PLNI-cJa63vBJ3B9VDlGZukFO2qvOJubj-,6730.0
https://www.youtube.com/watch?v=q1DgJeGFi54,2024-12-28,https://www.youtube.com/watch?v=lAyXlCdOqU4&list=PLNI-cJa63vBJ3B9VDlGZukFO2qvOJubj-,3497.0
https://www.youtube.com/watch?v=tAbr7zXI3KE,2024-12-28,https://www.youtube.com/watch?v=lAyXlCdOqU4&list=PLNI-cJa63vBJ3B9VDlGZukFO2qvOJubj-,4814.0
https://www.youtube.com/watch?v=soWXBmlWaLg,2024-12-28,https://www.youtube.com/watch?v=lAyXlCdOqU4&list=PLNI-cJa63vBJ3B9VDlGZukFO2qvOJubj-,1661.0
https://www.youtube.com/watch?v=eoDOHxkKZvA,2024-12-27,https://www.youtube.com/watch?v=lAyXlCdOqU4&list=PLNI-cJa63vBJ3B9VDlGZukFO2qvOJubj-,3422.0
https://www.youtube.com/watch?v=Q_rK6aT4nsc,2024-12-27,https://www.youtube.com/watch?v=lAyXlCdOqU4&list=PLNI-cJa63vBJ3B9VDlGZukFO2qvOJubj-,1432.0
https://www.youtube.com/watch?v=S6-RDuj5Zcs,2024-12-27,https://www.youtube.com/watch?v=lAyXlCdOqU4&list=PLNI-cJa63vBJ3B9VDlGZukFO2qvOJubj-,5000.0
https://www.youtube.com/watch?v=MP5ZJXBY0D0,2024-12-26,https://www.youtube.com/watch?v=lAyXlCdOqU4&list=PLNI-cJa63vBJ3B9VDlGZukFO2qvOJubj-,3460.0
https://www.youtube.com/watch?v=h7a976bubI8,2024-12-26,https://www.youtube.com/watch?v=lAyXlCdOqU4&list=PLNI-cJa63vBJ3B9VDlGZukFO2qvOJubj-,4985.0
https://www.youtube.com/watch?v=Vp6GFXvT4Rk,2024-12-26,https://www.youtube.com/watch?v=lAyXlCdOqU4&list=PLNI-cJa63vBJ3B9VDlGZukFO2qvOJubj-,1661.0
https://www.youtube.com/watch?v=7C0rXXgTL2w,2024-12-25,https://www.youtube.com/watch?v=lAyXlCdOqU4&list=PLNI-cJa63vBJ3B9VDlGZukFO2qvOJubj-,3525.0
https://www.youtube.com/watch?v=lzL4kao2KNg,2024-12-25,https://www.youtube.com/watch?v=lAyXlCdOqU4&list=PLNI-cJa63vBJ3B9VDlGZukFO2qvOJubj-,5011.0
https://www.youtube.com/watch?v=T06SYf333uE,2024-12-24,https://www.youtube.com/watch?v=lAyXlCdOqU4&list=PLNI-cJa63vBJ3B9VDlGZukFO2qvOJubj-,3487.0
https://www.youtube.com/watch?v=hiysEr3QtaA,2024-12-24,https://www.youtube.com/watch?v=lAyXlCdOqU4&list=PLNI-cJa63vBJ3B9VDlGZukFO2qvOJubj-,4871.0
https://www.youtube.com/watch?v=0kIOqrd7Y3A,2024-12-23,https://www.youtube.com/watch?v=lAyXlCdOqU4&list=PLNI-cJa63vBJ3B9VDlGZukFO2qvOJubj-,3486.0
https://www.youtube.com/watch?v=mKmmi2GgOis,2024-12-23,https://www.youtube.com/watch?v=lAyXlCdOqU4&list=PLNI-cJa63vBJ3B9VDlGZukFO2qvOJubj-,3419.0
https://www.youtube.com/watch?v=su8ZycNKQXs,2024-12-23,https://www.youtube.com/watch?v=lAyXlCdOqU4&list=PLNI-cJa63vBJ3B9VDlGZukFO2qvOJubj-,4767.0
https://www.youtube.com/watch?v=u6Th0siXgao,2024-12-22,https://www.youtube.com/watch?v=lAyXlCdOqU4&list=PLNI-cJa63vBJ3B9VDlGZukFO2qvOJubj-,4865.0
https://www.youtube.com/watch?v=BlHt8mOTHFA,2024-12-21,https://www.youtube.com/watch?v=lAyXlCdOqU4&list=PLNI-cJa63vBJ3B9VDlGZukFO2qvOJubj-,2893.0
https://www.youtube.com/watch?v=Efz-lrjhXHA,2024-12-20,https://www.youtube.com/watch?v=lAyXlCdOqU4&list=PLNI-cJa63vBJ3B9VDlGZukFO2qvOJubj-,5087.0
https://www.youtube.com/watch?v=1Zylyz2pJVg,2024-12-19,https://www.youtube.com/watch?v=lAyXlCdOqU4&list=PLNI-cJa63vBJ3B9VDlGZukFO2qvOJubj-,3544.0
https://www.youtube.com/watch?v=ZHi85iSTf7s,2024-12-19,https://www.youtube.com/watch?v=lAyXlCdOqU4&list=PLNI-cJa63vBJ3B9VDlGZukFO2qvOJubj-,5096.0
https://www.youtube.com/watch?v=cBAs59b4uIk,2024-12-18,https://www.youtube.com/watch?v=lAyXlCdOqU4&list=PLNI-cJa63vBJ3B9VDlGZukFO2qvOJubj-,3497.0
https://www.youtube.com/watch?v=h1fYjvvgm3I,2024-12-18,https://www.youtube.com/watch?v=lAyXlCdOqU4&list=PLNI-cJa63vBJ3B9VDlGZukFO2qvOJubj-,4844.0
https://www.youtube.com/watch?v=ps75EpbQPpw,2024-12-17,https://www.youtube.com/watch?v=lAyXlCdOqU4&list=PLNI-cJa63vBJ3B9VDlGZukFO2qvOJubj-,3386.0
https://www.youtube.com/watch?v=wSX1XDppZx0,2024-12-17,https://www.youtube.com/watch?v=lAyXlCdOqU4&list=PLNI-cJa63vBJ3B9VDlGZukFO2qvOJubj-,4737.0
https://www.youtube.com/watch?v=LQTvC7sPjD4,2024-12-16,https://www.youtube.com/watch?v=lAyXlCdOqU4&list=PLNI-cJa63vBJ3B9VDlGZukFO2qvOJubj-,3491.0
https://www.youtube.com/watch?v=sXIuuvKFArE,2024-12-16,https://www.youtube.com/watch?v=lAyXlCdOqU4&list=PLNI-cJa63vBJ3B9VDlGZukFO2qvOJubj-,4882.0
https://www.youtube.com/watch?v=ouc7TmCBTRA,2024-12-15,https://www.youtube.com/watch?v=lAyXlCdOqU4&list=PLNI-cJa63vBJ3B9VDlGZukFO2qvOJubj-,3507.0
https://www.youtube.com/watch?v=7fzzPSaJ_ls,2024-12-15,https://www.youtube.com/watch?v=lAyXlCdOqU4&list=PLNI-cJa63vBJ3B9VDlGZukFO2qvOJubj-,3493.0
https://www.youtube.com/watch?v=pZUTpHMyPdg,2024-12-15,https://www.youtube.com/watch?v=lAyXlCdOqU4&list=PLNI-cJa63vBJ3B9VDlGZukFO2qvOJubj-,5016.0
https://www.youtube.com/watch?v=IbuaCEmlV28,2024-12-14,https://www.youtube.com/watch?v=lAyXlCdOqU4&list=PLNI-cJa63vBJ3B9VDlGZukFO2qvOJubj-,5017.0
https://www.youtube.com/watch?v=AWPzY_DaU3I,2025-02-14,https://www.youtube.com/watch?v=1JCYnyoQEtU&list=PL91xC4Z3WIQ6xJ-qL01Mgt0CyE11_WyQE,2012.0
https://www.youtube.com/watch?v=HLr9OwkrGEM,2025-02-10,https://www.youtube.com/watch?v=1JCYnyoQEtU&list=PL91xC4Z3WIQ6xJ-qL01Mgt0CyE11_WyQE,2470.0
https://www.youtube.com/watch?v=iku0EQ1dTYI,2025-02-07,https://www.youtube.com/watch?v=1JCYnyoQEtU&list=PL91xC4Z3WIQ6xJ-qL01Mgt0CyE11_WyQE,2288.0
https://www.youtube.com/watch?v=E_YNIcQQL5Q,2025-02-03,https://www.youtube.com/watch?v=1JCYnyoQEtU&list=PL91xC4Z3WIQ6xJ-qL01Mgt0CyE11_WyQE,2407.0
https://www.youtube.com/watch?v=1JCYnyoQEtU,2025-01-31,https://www.youtube.com/watch?v=1JCYnyoQEtU&list=PL91xC4Z3WIQ6xJ-qL01Mgt0CyE11_WyQE,2268.0
https://www.youtube.com/watch?v=hAT9ydJ8KzY,2025-01-27,https://www.youtube.com/watch?v=1JCYnyoQEtU&list=PL91xC4Z3WIQ6xJ-qL01Mgt0CyE11_WyQE,2477.0
https://www.youtube.com/watch?v=S6ofDkkMutc,2025-01-24,https://www.youtube.com/watch?v=1JCYnyoQEtU&list=PL91xC4Z3WIQ6xJ-qL01Mgt0CyE11_WyQE,2291.0
https://www.youtube.com/watch?v=xk4lBwomgBg,2025-01-20,https://www.youtube.com/watch?v=1JCYnyoQEtU&list=PL91xC4Z3WIQ6xJ-qL01Mgt0CyE11_WyQE,2715.0
https://www.youtube.com/watch?v=xk4lBwomgBg,2025-01-20,https://www.youtube.com/watch?v=1JCYnyoQEtU&list=PL91xC4Z3WIQ6xJ-qL01Mgt0CyE11_WyQE,2715.0
https://www.youtube.com/watch?v=EBVU7PHfYEo,2025-01-17,https://www.youtube.com/watch?v=1JCYnyoQEtU&list=PL91xC4Z3WIQ6xJ-qL01Mgt0CyE11_WyQE,2125.0
https://www.youtube.com/watch?v=U7-D4AnUfs0,2025-01-13,https://www.youtube.com/watch?v=1JCYnyoQEtU&list=PL91xC4Z3WIQ6xJ-qL01Mgt0CyE11_WyQE,1463.0
https://www.youtube.com/watch?v=mF8xAZDFNzs,2025-01-10,https://www.youtube.com/watch?v=1JCYnyoQEtU&list=PL91xC4Z3WIQ6xJ-qL01Mgt0CyE11_WyQE,2387.0
https://www.youtube.com/watch?v=QuXnH6xgH-4,2025-01-06,https://www.youtube.com/watch?v=1JCYnyoQEtU&list=PL91xC4Z3WIQ6xJ-qL01Mgt0CyE11_WyQE,2096.0
https://www.youtube.com/watch?v=rx3GjsDehmg,2025-01-03,https://www.youtube.com/watch?v=1JCYnyoQEtU&list=PL91xC4Z3WIQ6xJ-qL01Mgt0CyE11_WyQE,1852.0
https://www.youtube.com/watch?v=Nhu7JhtKdLc,2024-12-30,https://www.youtube.com/watch?v=1JCYnyoQEtU&list=PL91xC4Z3WIQ6xJ-qL01Mgt0CyE11_WyQE,1451.0
https://www.youtube.com/watch?v=WiMzhdFAa4U,2024-12-27,https://www.youtube.com/watch?v=1JCYnyoQEtU&list=PL91xC4Z3WIQ6xJ-qL01Mgt0CyE11_WyQE,2577.0
https://www.youtube.com/watch?v=ZQn4kKMlvS8,2024-12-23,https://www.youtube.com/watch?v=1JCYnyoQEtU&list=PL91xC4Z3WIQ6xJ-qL01Mgt0CyE11_WyQE,1693.0
https://www.youtube.com/watch?v=T247dAN8s04,2024-12-20,https://www.youtube.com/watch?v=1JCYnyoQEtU&list=PL91xC4Z3WIQ6xJ-qL01Mgt0CyE11_WyQE,2516.0
https://www.youtube.com/watch?v=IhdAH45QUW0,2024-12-16,https://www.youtube.com/watch?v=1JCYnyoQEtU&list=PL91xC4Z3WIQ6xJ-qL01Mgt0CyE11_WyQE,2092.0
https://www.youtube.com/watch?v=1oqbXSAG6nU,2024-12-13,https://www.youtube.com/watch?v=1JCYnyoQEtU&list=PL91xC4Z3WIQ6xJ-qL01Mgt0CyE11_WyQE,1926.0
https://www.youtube.com/watch?v=JEf8ZEyacOs,2024-12-09,https://www.youtube.com/watch?v=1JCYnyoQEtU&list=PL91xC4Z3WIQ6xJ-qL01Mgt0CyE11_WyQE,1867.0
https://www.youtube.com/watch?v=Pv0LJZ2_dt8,2024-12-06,https://www.youtube.com/watch?v=1JCYnyoQEtU&list=PL91xC4Z3WIQ6xJ-qL01Mgt0CyE11_WyQE,1718.0
https://www.youtube.com/watch?v=gkdRlcpjK-A,2024-11-29,https://www.youtube.com/watch?v=1JCYnyoQEtU&list=PL91xC4Z3WIQ6xJ-qL01Mgt0CyE11_WyQE,1928.0
https://www.youtube.com/watch?v=Jboif0PynWg,2024-11-25,https://www.youtube.com/watch?v=1JCYnyoQEtU&list=PL91xC4Z3WIQ6xJ-qL01Mgt0CyE11_WyQE,1618.0
https://www.youtube.com/watch?v=CgQNUpLY8Vw,2024-11-22,https://www.youtube.com/watch?v=1JCYnyoQEtU&list=PL91xC4Z3WIQ6xJ-qL01Mgt0CyE11_WyQE,1595.0
https://www.youtube.com/watch?v=nILPp5Q3mkU,2025-01-04,https://www.youtube.com/watch?v=nILPp5Q3mkU&list=PLG38c7QgafDJKvCKQgnfZtZnjVsybKFw0,1464.0
https://www.youtube.com/watch?v=anKTGkl3b4I,2024-12-28,https://www.youtube.com/watch?v=nILPp5Q3mkU&list=PLG38c7QgafDJKvCKQgnfZtZnjVsybKFw0,1390.0
https://www.youtube.com/watch?v=a-DcQM-zqaM,2024-12-21,https://www.youtube.com/watch?v=nILPp5Q3mkU&list=PLG38c7QgafDJKvCKQgnfZtZnjVsybKFw0,1542.0
https://www.youtube.com/watch?v=VuPzF1B-Zw4,2024-12-14,https://www.youtube.com/watch?v=nILPp5Q3mkU&list=PLG38c7QgafDJKvCKQgnfZtZnjVsybKFw0,1465.0
https://www.youtube.com/watch?v=-svVDqN2jJ0,2024-12-07,https://www.youtube.com/watch?v=nILPp5Q3mkU&list=PLG38c7QgafDJKvCKQgnfZtZnjVsybKFw0,1584.0
https://www.youtube.com/watch?v=pnsUpFbatKI,2024-11-30,https://www.youtube.com/watch?v=nILPp5Q3mkU&list=PLG38c7QgafDJKvCKQgnfZtZnjVsybKFw0,1472.0
https://www.youtube.com/watch?v=s8aqvOD2PNQ,2024-11-25,https://www.youtube.com/watch?v=nILPp5Q3mkU&list=PLG38c7QgafDJKvCKQgnfZtZnjVsybKFw0,1534.0
